id,ts,key,window,used_pct_observed,projected_additional_pct,projected_total_pct,burn_rate_tph,velocity_tph2,uncertainty,exhausts_in_hours,will_exhaust,note
1,1786711597.9209664,friend,monthly,1.0,0.0,1.0,0.0,0.0,0.0,,0,"Insufficient data (1 points, need 5)"
2,1786711597.9209664,friend,5-hour,69.0,0.0,69.0,0.0,0.0,0.0,,0,"Insufficient data (1 points, need 5)"
3,1786712498.7156587,friend,monthly,1.0,0.0,1.0,0.0,0.0,0.0,,0,"Insufficient data (2 points, need 5)"
4,1786712498.7156587,friend,5-hour,2.0,0.0,2.0,0.0,0.0,0.0,,0,"Insufficient data (2 points, need 5)"
5,1786713400.115952,friend,monthly,1.0,0.0,1.0,0.0,0.0,0.0,,0,"Insufficient data (2 points, need 5)"
6,1786713400.115952,friend,5-hour,8.0,0.0,8.0,0.0,0.0,0.0,,0,"Insufficient data (2 points, need 5)"
7,1786714301.8211343,friend,monthly,1.0,0.0,1.0,0.0,0.0,0.0,,0,"Insufficient data (2 points, need 5)"
8,1786714301.8211343,friend,5-hour,15.0,0.0,15.0,0.0,0.0,0.0,,0,"Insufficient data (2 points, need 5)"
9,1786715203.3784122,friend,monthly,1.0,0.0,1.0,0.0,0.0,0.0,,0,"Insufficient data (2 points, need 5)"
10,1786715203.3784122,friend,5-hour,21.0,0.0,21.0,0.0,0.0,0.0,,0,"Insufficient data (2 points, need 5)"
11,1786716105.7419648,friend,monthly,1.0,0.0,1.0,0.0,0.0,0.0,,0,"Insufficient data (3 points, need 5)"
12,1786716105.7419648,friend,5-hour,29.0,0.0,29.0,0.0,0.0,0.0,,0,"Insufficient data (3 points, need 5)"
13,1786717007.2112367,friend,monthly,1.0,0.0,1.0,0.0,0.0,0.0,,0,"Insufficient data (3 points, need 5)"
14,1786717007.2112367,friend,5-hour,34.0,0.0,34.0,0.0,0.0,0.0,,0,"Insufficient data (3 points, need 5)"
15,1786717908.6751056,friend,monthly,1.0,0.0,1.0,0.0,0.0,0.0,,0,"Insufficient data (3 points, need 5)"
16,1786717908.6751056,friend,5-hour,39.0,0.0,39.0,0.0,0.0,0.0,,0,"Insufficient data (3 points, need 5)"
17,1786718809.6305428,friend,monthly,1.0,0.0,1.0,0.0,0.0,0.0,,0,"Insufficient data (3 points, need 5)"
18,1786718809.6305428,friend,5-hour,43.0,0.0,43.0,0.0,0.0,0.0,,0,"Insufficient data (3 points, need 5)"
19,1786719710.6090372,friend,monthly,1.0,0.0,1.0,0.0,0.0,0.0,,0,"Insufficient data (4 points, need 5)"
20,1786719710.6090372,friend,5-hour,50.0,0.0,50.0,0.0,0.0,0.0,,0,"Insufficient data (4 points, need 5)"
21,1786720611.4731386,friend,monthly,1.0,0.0,1.0,0.0,0.0,0.0,,0,"Insufficient data (4 points, need 5)"
22,1786720611.4731386,friend,5-hour,57.0,0.0,57.0,0.0,0.0,0.0,,0,"Insufficient data (4 points, need 5)"
23,1786721513.6170957,friend,monthly,1.0,0.0,1.0,0.0,0.0,0.0,,0,"Insufficient data (4 points, need 5)"
24,1786721513.6170957,friend,5-hour,60.0,0.0,60.0,0.0,0.0,0.0,,0,"Insufficient data (4 points, need 5)"
25,1786722415.1600823,friend,monthly,1.0,0.0,1.0,0.0,0.0,0.0,,0,"Insufficient data (4 points, need 5)"
26,1786722415.1600823,friend,5-hour,63.0,0.0,63.0,0.0,0.0,0.0,,0,"Insufficient data (4 points, need 5)"
27,1786723316.2662027,friend,monthly,1.0,0.1,1.1,27046071.0,0.0,5393468.0,62145.2,0,under budget by 86.2pp
28,1786723316.2662027,friend,5-hour,67.0,20.9,87.9,27046071.0,0.0,5393468.0,1.6,0,under budget by 2.9pp
29,1786724217.5857396,friend,monthly,1.0,0.1,1.1,29048521.0,0.0,7531428.0,62170.0,0,under budget by 86.2pp
30,1786724217.5857396,friend,5-hour,73.0,21.1,94.1,29048521.0,0.0,7531428.0,1.3,0,under budget by 3.9pp
31,1786725120.242933,friend,monthly,1.0,0.1,1.1,31301151.0,0.0,7531428.0,62194.8,0,under budget by 86.3pp
32,1786725120.242933,friend,5-hour,76.0,20.5,96.5,31301151.0,0.0,7531428.0,1.2,0,under budget by 1.8pp
33,1786726021.1450713,friend,monthly,1.0,0.1,1.1,32083775.0,0.0,7531428.0,62219.6,0,under budget by 86.3pp
34,1786726021.1450713,friend,5-hour,81.0,20.5,101.5,32083775.0,0.0,7531428.0,0.9,1,under budget by 1.8pp
35,1786726922.8034065,friend,monthly,1.0,0.1,1.1,32099349.0,0.0,7531428.0,62244.3,0,under budget by 86.3pp
36,1786726922.8034065,friend,5-hour,83.0,0.0,83.0,32099349.0,0.0,7531428.0,0.9,0,under budget by 1.2pp
37,1786727823.6178644,friend,monthly,1.0,0.1,1.1,26832441.0,0.0,6766873.0,62269.1,0,under budget by 86.4pp
38,1786727823.6178644,friend,5-hour,84.0,0.0,84.0,26832441.0,0.0,6766873.0,0.8,0,under budget by 5.2pp
39,1786728725.013715,friend,monthly,1.0,0.1,1.1,26909367.0,0.0,6766873.0,62293.9,0,under budget by 86.4pp
40,1786728725.013715,friend,5-hour,85.0,0.0,85.0,26909367.0,0.0,6766873.0,0.8,0,under budget by 9.2pp
41,1786729625.6470766,friend,monthly,1.0,0.1,1.1,26968352.0,0.0,6766873.0,62318.7,0,under budget by 86.4pp
42,1786729625.6470766,friend,5-hour,85.0,0.0,85.0,26968352.0,0.0,6766873.0,0.9,0,under budget by 14.2pp
43,1786730526.7102282,friend,monthly,1.0,0.1,1.1,26968352.0,0.0,6766873.0,62343.5,0,under budget by 86.5pp
44,1786730526.7102282,friend,5-hour,1.0,21.6,22.6,26968352.0,0.0,6766873.0,18.4,0,under budget by 2.7pp
45,1786731427.5893264,friend,monthly,1.0,0.1,1.1,26968352.0,0.0,6677552.0,62368.2,0,under budget by 86.5pp
46,1786731427.5893264,friend,5-hour,2.0,18.4,20.4,26968352.0,0.0,6677552.0,21.4,0,under budget by 6.7pp
47,1786732328.6907148,friend,monthly,1.0,0.1,1.1,23152151.0,0.0,6609063.0,62393.0,0,under budget by 86.5pp
48,1786732328.6907148,friend,5-hour,4.0,23.3,27.3,23152151.0,0.0,6609063.0,16.5,0,under budget by 9.7pp
49,1786733229.4555907,friend,monthly,1.0,0.1,1.1,23169731.0,0.0,6609063.0,62417.8,0,under budget by 86.6pp
50,1786733229.4555907,friend,5-hour,6.0,25.6,31.6,23169731.0,0.0,6609063.0,14.7,0,under budget by 12.7pp
51,1786734130.560522,friend,monthly,1.0,0.1,1.1,23169731.0,0.0,6609063.0,62442.6,0,under budget by 86.6pp
52,1786734130.560522,friend,5-hour,11.0,27.8,38.8,23169731.0,0.0,6609063.0,9.6,0,under budget by 12.7pp
53,1786735031.2397516,friend,monthly,1.0,0.1,1.1,23169731.0,0.0,6924115.0,62467.3,0,under budget by 86.6pp
54,1786735031.2397516,friend,5-hour,12.0,25.1,37.1,23169731.0,0.0,6924115.0,10.5,0,under budget by 16.7pp
55,1786735932.1685712,friend,monthly,1.0,0.1,1.1,20317330.0,0.0,6869808.0,62492.1,0,under budget by 86.7pp
56,1786735932.1685712,friend,5-hour,13.0,23.1,36.1,20317330.0,0.0,6869808.0,11.3,0,under budget by 20.7pp
57,1786736833.1065297,friend,monthly,1.0,0.1,1.1,20337187.0,0.0,6869808.0,62516.9,0,under budget by 86.7pp
58,1786736833.1065297,friend,5-hour,16.0,24.8,40.8,20337187.0,0.0,6869808.0,10.2,0,under budget by 22.7pp
59,1786737734.2042518,friend,monthly,1.0,0.1,1.1,20337187.0,0.0,6869808.0,62541.7,0,under budget by 86.7pp
60,1786737734.2042518,friend,5-hour,22.0,20.1,42.1,20337187.0,0.0,6869808.0,7.8,0,under budget by 21.8pp
61,1786738635.1412807,friend,monthly,1.0,0.1,1.1,20337187.0,0.0,6904578.0,62566.4,0,under budget by 86.8pp
62,1786738635.1412807,friend,5-hour,26.0,21.3,47.3,20337187.0,0.0,6904578.0,6.9,0,under budget by 22.8pp
63,1786739536.8613865,friend,monthly,1.0,0.1,1.1,18117280.0,0.0,6861825.0,62591.2,0,under budget by 86.8pp
64,1786739536.8613865,friend,5-hour,27.0,20.1,47.1,18117280.0,0.0,6861825.0,7.3,0,under budget by 26.8pp
65,1786740437.633478,friend,monthly,1.0,0.1,1.1,18127474.0,0.0,6861825.0,62616.0,0,under budget by 86.8pp
66,1786740437.633478,friend,5-hour,31.0,21.1,52.1,18127474.0,0.0,6861825.0,6.5,0,under budget by 27.8pp
67,1786741338.5090032,friend,monthly,1.0,0.1,1.1,18127474.0,0.0,6861825.0,62640.8,0,under budget by 86.9pp
68,1786741338.5090032,friend,5-hour,36.0,11.3,47.3,18127474.0,0.0,6861825.0,5.7,0,under budget by 27.8pp
69,1786742239.5426598,friend,monthly,1.0,0.1,1.1,18127474.0,0.0,6788364.0,62665.6,0,under budget by 86.9pp
70,1786742239.5426598,friend,5-hour,40.0,11.6,51.6,18127474.0,0.0,6788364.0,5.2,0,under budget by 28.8pp
71,1786743140.8560376,friend,monthly,1.0,0.1,1.1,16334102.0,0.0,6754337.0,62690.3,0,under budget by 86.9pp
72,1786743140.8560376,friend,5-hour,43.0,11.7,54.7,16334102.0,0.0,6754337.0,4.9,0,under budget by 30.8pp
73,1786744041.7381468,friend,monthly,1.0,0.1,1.1,16334102.0,0.0,6754337.0,62715.1,0,under budget by 87.0pp
74,1786744041.7381468,friend,5-hour,45.0,11.4,56.4,16334102.0,0.0,6754337.0,4.8,0,under budget by 33.8pp
75,1786744943.0865,friend,monthly,1.0,0.1,1.1,14866788.0,0.0,6726369.0,62739.9,0,under budget by 87.0pp
76,1786744943.0865,friend,5-hour,50.0,0.0,50.0,14866788.0,0.0,6726369.0,4.2,0,under budget by 33.8pp
77,1786745843.7082708,friend,monthly,1.0,0.1,1.1,14894402.0,0.0,40929867.0,62764.7,0,under budget by 87.1pp
78,1786745843.7082708,friend,5-hour,54.0,0.0,54.0,14894402.0,0.0,40929867.0,3.8,0,under budget by 34.8pp
79,1786746744.7045693,friend,monthly,1.0,0.1,1.1,14961439.0,0.0,40929867.0,62789.4,0,under budget by 87.1pp
80,1786746744.7045693,friend,5-hour,59.0,0.0,59.0,14961439.0,0.0,40929867.0,3.3,0,under budget by 34.8pp
81,1786747645.6925275,friend,monthly,1.0,0.1,1.1,15293021.0,0.0,40929867.0,62814.2,0,under budget by 87.1pp
82,1786747645.6925275,friend,5-hour,65.0,0.0,65.0,15293021.0,0.0,40929867.0,2.7,0,under budget by 33.8pp
83,1786748546.9473205,friend,monthly,1.0,0.1,1.1,14045164.0,0.0,40787502.0,62839.0,0,under budget by 87.2pp
84,1786748546.9473205,friend,5-hour,1.0,21.2,22.2,14045164.0,0.0,40787502.0,18.7,0,under budget by 2.8pp
85,1786749448.0439327,friend,monthly,1.0,0.1,1.1,14262671.0,0.0,6219928.0,62863.8,0,under budget by 87.2pp
86,1786749448.0439327,friend,5-hour,6.0,54.7,60.7,14262671.0,0.0,6219928.0,6.9,0,under budget by 2.8pp
87,1786750349.3101199,friend,monthly,1.0,0.1,1.1,14401850.0,0.0,6219928.0,62888.6,0,under budget by 87.2pp
88,1786750349.3101199,friend,5-hour,10.0,58.0,68.0,14401850.0,0.0,6219928.0,6.2,0,under budget by 3.8pp
89,1786751250.0371647,friend,monthly,1.0,0.1,1.1,14401850.0,0.0,6219928.0,62913.3,0,under budget by 87.3pp
90,1786751250.0371647,friend,5-hour,14.0,59.6,73.6,14401850.0,0.0,6219928.0,5.8,0,under budget by 4.8pp
91,1786752151.0365791,friend,monthly,1.0,0.1,1.1,14401850.0,0.0,6219928.0,62938.1,0,under budget by 87.3pp
92,1786752151.0365791,friend,5-hour,19.0,47.9,66.9,14401850.0,0.0,6219928.0,5.1,0,under budget by 4.8pp
93,1786753051.8867464,friend,monthly,1.0,0.1,1.1,14401850.0,0.0,38850347.0,62962.9,0,under budget by 87.3pp
94,1786753051.8867464,friend,5-hour,24.0,50.0,74.0,14401850.0,0.0,38850347.0,4.6,0,under budget by 4.8pp
95,1786753953.0055358,friend,monthly,1.0,0.1,1.1,13320878.0,0.0,38735235.0,62987.7,0,under budget by 87.4pp
96,1786753953.0055358,friend,5-hour,27.0,47.9,74.9,13320878.0,0.0,38735235.0,4.6,0,under budget by 6.8pp
97,1786754853.8306243,friend,monthly,1.0,0.1,1.1,13048520.0,0.0,38735235.0,63012.5,0,under budget by 87.4pp
98,1786754853.8306243,friend,5-hour,31.0,47.9,78.9,13048520.0,0.0,38735235.0,4.3,0,under budget by 7.8pp
99,1786755754.5264707,friend,monthly,1.0,0.1,1.1,13619025.0,0.0,38850347.0,63037.2,0,under budget by 87.4pp
100,1786755754.5264707,friend,5-hour,36.0,32.9,68.9,13619025.0,0.0,38850347.0,3.9,0,under budget by 7.8pp
101,1786756655.4297912,friend,monthly,1.0,0.1,1.1,12674063.0,0.0,6193988.0,63062.0,0,under budget by 87.5pp
102,1786756655.4297912,friend,5-hour,41.0,33.6,74.6,12674063.0,0.0,6193988.0,3.5,0,under budget by 7.8pp
103,1786757556.6795752,friend,monthly,1.0,0.1,1.1,11008661.0,0.0,6175635.0,63086.8,0,under budget by 87.5pp
104,1786757556.6795752,friend,5-hour,45.0,33.4,78.4,11008661.0,0.0,6175635.0,3.3,0,under budget by 8.8pp
105,1786758457.5693033,friend,monthly,1.0,0.1,1.1,9947026.0,0.0,6175635.0,63111.6,0,under budget by 87.5pp
106,1786758457.5693033,friend,5-hour,49.0,33.3,82.3,9947026.0,0.0,6175635.0,3.1,0,under budget by 9.8pp
107,1786759358.4583278,friend,monthly,1.0,0.1,1.1,9227731.0,0.0,6193988.0,63136.3,0,under budget by 87.6pp
108,1786759358.4583278,friend,5-hour,52.0,16.3,68.3,9227731.0,0.0,6193988.0,2.9,0,under budget by 11.8pp
109,1786760259.2745256,friend,monthly,1.0,0.1,1.1,8061463.0,0.0,4728694.0,63161.1,0,under budget by 87.6pp
110,1786760259.2745256,friend,5-hour,56.0,16.3,72.3,8061463.0,0.0,4728694.0,2.7,0,under budget by 12.8pp
111,1786761160.2004626,friend,monthly,1.0,0.1,1.1,6592372.0,0.0,4714683.0,63185.9,0,under budget by 87.6pp
112,1786761160.2004626,friend,5-hour,58.0,15.7,73.7,6592372.0,0.0,4714683.0,2.7,0,under budget by 15.8pp
113,1786762061.1055396,friend,monthly,1.0,0.1,1.1,5694007.0,0.0,4714683.0,63210.7,0,under budget by 87.7pp
114,1786762061.1055396,friend,5-hour,61.0,15.5,76.5,5694007.0,0.0,4714683.0,2.5,0,under budget by 17.9pp
115,1786762961.9439297,friend,monthly,1.0,0.1,1.1,5687294.0,0.0,4728694.0,63235.4,0,under budget by 87.7pp
116,1786762961.9439297,friend,5-hour,62.0,0.0,62.0,5687294.0,0.0,4728694.0,2.6,0,under budget by 21.9pp
117,1786763862.8294294,friend,monthly,1.0,0.1,1.1,5562055.0,0.0,3349630.0,63260.2,0,under budget by 87.7pp
118,1786763862.8294294,friend,5-hour,64.0,0.0,64.0,5562055.0,0.0,3349630.0,2.5,0,under budget by 24.9pp
119,1786764763.982042,friend,monthly,1.0,0.1,1.1,4533104.0,0.0,3339705.0,63285.0,0,under budget by 87.8pp
120,1786764763.982042,friend,5-hour,66.0,0.0,66.0,4533104.0,0.0,3339705.0,2.4,0,under budget by 27.9pp
121,1786765664.597752,friend,monthly,1.0,0.1,1.1,3808557.0,0.0,3339705.0,63309.7,0,under budget by 87.8pp
122,1786765664.597752,friend,5-hour,67.0,0.0,67.0,3808557.0,0.0,3339705.0,2.4,0,under budget by 31.9pp
123,1786766565.371716,friend,monthly,1.0,0.1,1.1,3260950.0,0.0,3349630.0,63334.5,0,under budget by 87.9pp
124,1786766565.371716,friend,5-hour,1.0,23.6,24.6,3260950.0,0.0,3349630.0,16.8,0,under budget by 2.4pp
125,1786767466.3724852,friend,monthly,1.0,0.1,1.1,2258251.0,0.0,2138411.0,63359.3,0,under budget by 87.9pp
126,1786767466.3724852,friend,5-hour,2.0,19.1,21.1,2258251.0,0.0,2138411.0,20.6,0,under budget by 6.4pp
127,1786768367.585907,friend,monthly,1.0,0.1,1.1,1405359.0,0.0,2138411.0,63384.1,0,under budget by 87.9pp
128,1786768367.585907,friend,5-hour,4.0,23.9,27.9,1405359.0,0.0,2138411.0,16.1,0,under budget by 9.4pp
129,1786769268.275565,friend,monthly,1.0,0.1,1.1,1225491.0,0.0,2144766.0,63408.8,0,under budget by 88.0pp
130,1786769268.275565,friend,5-hour,5.0,21.7,26.7,1225491.0,0.0,2144766.0,17.5,0,under budget by 13.4pp
131,1786770169.2562923,friend,monthly,1.0,0.1,1.1,1218941.0,0.0,2144766.0,63433.6,0,under budget by 88.0pp
132,1786770169.2562923,friend,5-hour,7.0,17.9,24.9,1218941.0,0.0,2144766.0,15.6,0,under budget by 16.4pp
133,1786771070.179131,friend,monthly,1.0,0.1,1.1,1183999.0,0.0,550990.0,63458.4,0,under budget by 88.0pp
134,1786771070.179131,friend,5-hour,9.0,19.0,28.0,1183999.0,0.0,550990.0,14.4,0,under budget by 19.4pp
135,1786771971.1960855,friend,monthly,1.0,0.1,1.1,1053235.0,0.0,549358.0,63483.2,0,under budget by 88.1pp
136,1786771971.1960855,friend,5-hour,10.0,18.0,28.0,1053235.0,0.0,549358.0,15.0,0,under budget by 23.4pp
137,1786772871.9273443,friend,monthly,1.0,0.1,1.1,1125515.0,0.0,550990.0,63507.9,0,under budget by 88.1pp
138,1786772871.9273443,friend,5-hour,11.0,17.2,28.2,1125515.0,0.0,550990.0,15.5,0,under budget by 27.4pp
139,1786773772.8653884,friend,monthly,1.0,0.1,1.1,1125515.0,0.0,550990.0,63532.7,0,under budget by 88.1pp
140,1786773772.8653884,friend,5-hour,11.0,10.1,21.1,1125515.0,0.0,550990.0,17.6,0,under budget by 32.4pp
141,1786774673.7005286,friend,monthly,1.0,0.1,1.1,1125515.0,0.0,559581.0,63557.5,0,under budget by 88.2pp
142,1786774673.7005286,friend,5-hour,12.0,9.9,21.9,1125515.0,0.0,559581.0,17.8,0,under budget by 36.4pp
143,1786775574.5998611,friend,monthly,1.0,0.1,1.1,1024275.0,0.0,557923.0,63582.3,0,under budget by 88.2pp
144,1786775574.5998611,friend,5-hour,14.0,10.5,24.5,1024275.0,0.0,557923.0,16.4,0,under budget by 39.4pp
145,1786776475.380364,friend,monthly,1.0,0.1,1.1,1111285.0,0.0,559581.0,63607.0,0,under budget by 88.2pp
146,1786776475.380364,friend,5-hour,15.0,10.3,25.3,1111285.0,0.0,559581.0,16.6,0,under budget by 43.4pp
147,1786777376.3092587,friend,monthly,1.0,0.1,1.1,1111285.0,0.0,559581.0,63631.8,0,under budget by 88.3pp
148,1786777376.3092587,friend,5-hour,16.0,5.0,21.0,1111285.0,0.0,559581.0,16.7,0,under budget by 47.5pp
149,1786778277.222241,friend,monthly,1.0,0.1,1.1,1111285.0,0.0,562057.0,63656.6,0,under budget by 88.3pp
150,1786778277.222241,friend,5-hour,17.0,5.0,22.0,1111285.0,0.0,562057.0,16.7,0,under budget by 51.5pp
151,1786779178.0520396,friend,monthly,1.0,0.1,1.1,1000538.0,0.0,560392.0,63681.4,0,under budget by 88.3pp
152,1786779178.0520396,friend,5-hour,17.0,4.6,21.6,1000538.0,0.0,560392.0,17.9,0,under budget by 56.5pp
153,1786780078.8183954,friend,monthly,1.0,0.1,1.1,1078375.0,0.0,562057.0,63706.1,0,under budget by 88.4pp
154,1786780078.8183954,friend,5-hour,19.0,4.8,23.8,1078375.0,0.0,562057.0,16.7,0,under budget by 59.5pp
155,1786780979.6766717,friend,monthly,1.0,0.1,1.1,1078375.0,0.0,562057.0,63730.9,0,under budget by 88.4pp
156,1786780979.6766717,friend,5-hour,19.0,0.0,19.0,1078375.0,0.0,562057.0,17.8,0,under budget by 64.5pp
157,1786781880.7971094,friend,monthly,1.0,0.1,1.1,1078375.0,0.0,567449.0,63755.7,0,under budget by 88.4pp
158,1786781880.7971094,friend,5-hour,20.0,0.0,20.0,1078375.0,0.0,567449.0,17.7,0,under budget by 68.5pp
159,1786782782.2602751,friend,monthly,1.0,0.1,1.1,995604.0,0.0,565768.0,63780.5,0,under budget by 88.5pp
160,1786782782.2602751,friend,5-hour,21.0,0.0,21.0,995604.0,0.0,565768.0,17.6,0,under budget by 72.5pp
161,1786783683.2067978,friend,monthly,1.0,0.1,1.1,1077347.0,0.0,567449.0,63805.3,0,under budget by 88.5pp
162,1786783683.2067978,friend,5-hour,21.0,0.0,21.0,1077347.0,0.0,567449.0,18.5,0,under budget by 77.5pp
163,1786784583.8253508,friend,monthly,1.0,0.1,1.1,1077347.0,0.0,567449.0,63830.0,0,under budget by 88.5pp
164,1786784583.8253508,friend,5-hour,1.0,36.3,37.3,1077347.0,0.0,567449.0,10.9,0,under budget by 1.2pp
165,1786785484.8081694,friend,monthly,1.0,0.1,1.1,1077347.0,0.0,567585.0,63854.8,0,under budget by 88.6pp
166,1786785484.8081694,friend,5-hour,1.0,11.1,12.1,1077347.0,0.0,567585.0,35.7,0,under budget by 6.2pp
167,1786786385.8538957,friend,monthly,1.0,0.1,1.1,1075233.0,0.0,567585.0,63879.6,0,under budget by 88.6pp
168,1786786385.8538957,friend,5-hour,1.0,6.5,7.5,1075233.0,0.0,567585.0,60.5,0,under budget by 11.2pp
169,1786787286.6602855,friend,monthly,1.0,0.1,1.1,1075233.0,0.0,567585.0,63904.4,0,under budget by 88.7pp
170,1786787286.6602855,friend,5-hour,2.0,9.3,11.3,1075233.0,0.0,567585.0,42.2,0,under budget by 15.2pp
171,1786788187.770344,friend,monthly,1.0,0.1,1.1,1028933.0,0.0,565903.0,63929.1,0,under budget by 88.7pp
172,1786788187.770344,friend,5-hour,2.0,5.4,7.4,1028933.0,0.0,565903.0,54.5,0,under budget by 20.2pp
173,1786789089.2188606,friend,monthly,1.0,0.1,1.1,1128668.0,0.0,518783.0,63953.9,0,under budget by 88.7pp
174,1786789089.2188606,friend,5-hour,3.0,6.6,9.6,1128668.0,0.0,518783.0,44.0,0,under budget by 24.2pp
175,1786789991.0837798,friend,monthly,1.0,0.1,1.1,1475943.0,0.0,518783.0,63978.7,0,under budget by 88.8pp
176,1786789991.0837798,friend,5-hour,4.0,7.4,11.4,1475943.0,0.0,518783.0,38.7,0,under budget by 28.2pp
177,1786790892.0190072,friend,monthly,1.0,0.1,1.1,2234988.0,0.0,518783.0,64003.5,0,under budget by 88.8pp
178,1786790892.0190072,friend,5-hour,7.0,11.3,18.3,2234988.0,0.0,518783.0,24.7,0,under budget by 30.3pp
179,1786791793.1003473,friend,monthly,1.0,0.1,1.1,3631653.0,0.0,518783.0,64028.3,0,under budget by 88.8pp
180,1786791793.1003473,friend,5-hour,9.0,8.5,17.5,3631653.0,0.0,518783.0,21.4,0,under budget by 33.3pp
181,1786792695.1456232,friend,monthly,1.0,0.1,1.1,4507496.0,0.0,3310958.0,64053.1,0,under budget by 88.9pp
182,1786792695.1456232,friend,5-hour,12.0,10.2,22.2,4507496.0,0.0,3310958.0,17.3,0,under budget by 35.3pp
183,1786793597.363867,friend,monthly,1.0,0.1,1.1,5829621.0,0.0,3320798.0,64077.9,0,under budget by 88.9pp
184,1786793597.363867,friend,5-hour,15.0,11.5,26.5,5829621.0,0.0,3320798.0,14.8,0,under budget by 37.3pp
185,1786794498.5509021,friend,monthly,1.0,0.1,1.1,6954490.0,0.0,3320798.0,64102.7,0,under budget by 88.9pp
186,1786794498.5509021,friend,5-hour,17.0,11.9,28.9,6954490.0,0.0,3320798.0,14.0,0,under budget by 40.3pp
187,1786795399.698322,friend,monthly,1.0,0.1,1.1,7184452.0,0.0,3310958.0,64127.5,0,under budget by 89.0pp
188,1786795399.698322,friend,5-hour,19.0,6.1,25.1,7184452.0,0.0,3310958.0,13.3,0,under budget by 43.3pp
189,1786796300.8804128,friend,monthly,1.0,0.1,1.1,8036619.0,0.0,34622842.0,64152.2,0,under budget by 89.0pp
190,1786796300.8804128,friend,5-hour,22.0,6.5,28.5,8036619.0,0.0,34622842.0,11.9,0,under budget by 45.3pp
191,1786797202.7920067,friend,monthly,1.0,0.1,1.1,8712366.0,0.0,34622842.0,64177.0,0,under budget by 89.0pp
192,1786797202.7920067,friend,5-hour,26.0,7.2,33.2,8712366.0,0.0,34622842.0,10.3,0,under budget by 46.3pp
193,1786798103.7015235,friend,monthly,1.0,0.1,1.1,10194626.0,0.0,34725733.0,64201.8,0,under budget by 89.1pp
194,1786798103.7015235,friend,5-hour,27.0,7.0,34.0,10194626.0,0.0,34725733.0,10.5,0,under budget by 50.3pp
195,1786799004.7651124,friend,monthly,1.0,0.1,1.1,9970029.0,0.0,34622842.0,64226.6,0,under budget by 89.1pp
196,1786799004.7651124,friend,5-hour,28.0,0.0,28.0,9970029.0,0.0,34622842.0,10.6,0,under budget by 54.3pp
197,1786799905.7381973,friend,monthly,1.0,0.1,1.1,10783605.0,0.0,38345755.0,64251.4,0,under budget by 89.1pp
198,1786799905.7381973,friend,5-hour,30.0,0.0,30.0,10783605.0,0.0,38345755.0,10.2,0,under budget by 57.3pp
199,1786800806.7121794,friend,monthly,1.0,0.1,1.1,12391340.0,0.0,38459710.0,64276.2,0,under budget by 89.2pp
200,1786800806.7121794,friend,5-hour,31.0,0.0,31.0,12391340.0,0.0,38459710.0,10.3,0,under budget by 61.3pp
201,1786801707.760294,friend,monthly,1.0,0.1,1.1,12933889.0,0.0,38459710.0,64300.9,0,under budget by 89.2pp
202,1786801707.760294,friend,5-hour,32.0,0.0,32.0,12933889.0,0.0,38459710.0,10.3,0,under budget by 65.3pp
203,1786802609.767356,friend,monthly,1.0,0.1,1.1,12694982.0,0.0,38345755.0,64325.7,0,under budget by 89.2pp
204,1786802609.767356,friend,5-hour,1.0,34.2,35.2,12694982.0,0.0,38345755.0,11.6,0,under budget by 1.3pp
205,1786803511.091453,friend,monthly,1.0,0.1,1.1,13339695.0,0.0,40397531.0,64350.5,0,under budget by 89.3pp
206,1786803511.091453,friend,5-hour,4.0,43.6,47.6,13339695.0,0.0,40397531.0,8.8,0,under budget by 3.3pp
207,1786804414.7607093,friend,monthly,1.0,0.1,1.1,15029453.0,0.0,40517583.0,64375.4,0,under budget by 89.3pp
208,1786804414.7607093,friend,5-hour,9.0,58.2,67.2,15029453.0,0.0,40517583.0,6.3,0,under budget by 3.4pp
209,1786805315.8101614,friend,monthly,1.0,0.1,1.1,15652064.0,0.0,5124583.0,64400.2,0,under budget by 89.3pp
210,1786805315.8101614,friend,5-hour,12.0,55.3,67.3,15652064.0,0.0,5124583.0,6.4,0,under budget by 5.4pp
211,1786806216.9186087,friend,monthly,1.0,0.1,1.1,15120315.0,0.0,5109399.0,64424.9,0,under budget by 89.4pp
212,1786806216.9186087,friend,5-hour,14.0,37.5,51.5,15120315.0,0.0,5109399.0,6.9,0,under budget by 8.4pp
213,1786807118.4762049,friend,monthly,1.0,0.1,1.1,15634975.0,0.0,41194991.0,64449.7,0,under budget by 89.4pp
214,1786807118.4762049,friend,5-hour,15.0,32.9,47.9,15634975.0,0.0,41194991.0,7.8,0,under budget by 12.4pp
215,1786808019.8545508,friend,monthly,1.0,0.1,1.1,17220311.0,0.0,41317414.0,64474.5,0,under budget by 89.5pp
216,1786808019.8545508,friend,5-hour,15.0,27.8,42.8,17220311.0,0.0,41317414.0,9.2,0,under budget by 17.4pp
217,1786808920.6156578,friend,monthly,1.0,0.1,1.1,17569722.0,0.0,41317414.0,64499.3,0,under budget by 89.5pp
218,1786808920.6156578,friend,5-hour,16.0,25.7,41.7,17569722.0,0.0,41317414.0,9.8,0,under budget by 21.4pp
219,1786809822.0312924,friend,monthly,1.0,0.1,1.1,16488069.0,0.0,41194991.0,64524.1,0,under budget by 89.5pp
220,1786809822.0312924,friend,5-hour,20.0,18.9,38.9,16488069.0,0.0,41194991.0,8.5,0,under budget by 22.4pp
221,1786810723.069842,friend,monthly,1.0,0.1,1.1,17011333.0,0.0,6340075.0,64548.9,0,under budget by 89.6pp
222,1786810723.069842,friend,5-hour,21.0,17.7,38.7,17011333.0,0.0,6340075.0,8.9,0,under budget by 26.4pp
223,1786811625.2152352,friend,monthly,1.0,0.1,1.1,18988245.0,0.0,6358916.0,64573.7,0,under budget by 89.6pp
224,1786811625.2152352,friend,5-hour,22.0,16.8,38.8,18988245.0,0.0,6358916.0,9.3,0,under budget by 30.4pp
225,1786812527.4745696,friend,monthly,1.0,0.1,1.1,19958838.0,0.0,6358916.0,64598.5,0,under budget by 89.6pp
226,1786812527.4745696,friend,5-hour,24.0,16.7,40.7,19958838.0,0.0,6358916.0,9.1,0,under budget by 33.4pp
227,1786813488.1096904,friend,monthly,1.0,0.1,1.1,18826668.0,0.0,6340075.0,64624.9,0,under budget by 89.7pp
228,1786813488.1096904,friend,5-hour,25.0,8.0,33.0,18826668.0,0.0,6340075.0,9.4,0,under budget by 37.8pp
229,1786814391.7599573,friend,monthly,1.0,0.1,1.1,19450154.0,0.0,6244764.0,64649.7,0,under budget by 89.7pp
230,1786814391.7599573,friend,5-hour,26.0,7.7,33.7,19450154.0,0.0,6244764.0,9.6,0,under budget by 41.8pp
231,1786815293.1586356,friend,monthly,1.0,0.1,1.1,21311510.0,0.0,6263322.0,64674.5,0,under budget by 89.7pp
232,1786815293.1586356,friend,5-hour,27.0,7.4,34.4,21311510.0,0.0,6263322.0,9.8,0,under budget by 45.8pp
233,1786816194.153599,friend,monthly,1.0,0.1,1.1,21483348.0,0.0,6263322.0,64699.3,0,under budget by 89.8pp
234,1786816194.153599,friend,5-hour,27.0,6.9,33.9,21483348.0,0.0,6263322.0,10.5,0,under budget by 50.8pp
235,1786817098.1087685,friend,monthly,1.0,0.1,1.1,20124702.0,0.0,6244764.0,64724.2,0,under budget by 89.8pp
236,1786817098.1087685,friend,5-hour,28.0,0.0,28.0,20124702.0,0.0,6244764.0,10.6,0,under budget by 54.8pp
237,1786818000.3737109,friend,monthly,1.0,0.1,1.1,20341158.0,0.0,5965329.0,64749.0,0,under budget by 89.8pp
238,1786818000.3737109,friend,5-hour,28.0,0.0,28.0,20341158.0,0.0,5965329.0,11.3,0,under budget by 59.8pp
239,1786818902.101071,friend,monthly,1.0,0.1,1.1,22277556.0,0.0,5983056.0,64773.8,0,under budget by 89.9pp
240,1786818902.101071,friend,5-hour,29.0,0.0,29.0,22277556.0,0.0,5983056.0,11.4,0,under budget by 63.9pp
241,1786819804.456391,friend,monthly,1.0,0.1,1.1,22529557.0,0.0,5983056.0,64798.6,0,under budget by 89.9pp
242,1786819804.456391,friend,5-hour,29.0,0.0,29.0,22529557.0,0.0,5983056.0,12.0,0,under budget by 68.9pp
243,1786820704.967544,friend,monthly,1.0,0.1,1.1,20991697.0,0.0,5965329.0,64823.4,0,under budget by 89.9pp
244,1786820704.967544,friend,5-hour,1.0,28.2,29.2,20991697.0,0.0,5965329.0,14.1,0,under budget by 1.8pp
245,1786821606.1399944,friend,monthly,1.0,0.1,1.1,21164689.0,0.0,5732971.0,64848.1,0,under budget by 90.0pp
246,1786821606.1399944,friend,5-hour,1.0,10.2,11.2,21164689.0,0.0,5732971.0,38.8,0,under budget by 6.8pp
247,1786822506.9474196,friend,monthly,1.0,0.1,1.1,23100706.0,0.0,5750008.0,64872.9,0,under budget by 90.0pp
248,1786822506.9474196,friend,5-hour,1.0,6.2,7.2,23100706.0,0.0,5750008.0,63.6,0,under budget by 11.8pp
249,1786823408.0793269,friend,monthly,1.0,0.1,1.1,23445609.0,0.0,16881549.0,64897.7,0,under budget by 90.0pp
250,1786823408.0793269,friend,5-hour,4.0,17.9,21.9,23445609.0,0.0,16881549.0,21.4,0,under budget by 13.9pp
251,1786824308.8524163,friend,monthly,1.0,0.1,1.1,23526064.0,0.0,16803828.0,64922.5,0,under budget by 90.1pp
252,1786824308.8524163,friend,5-hour,7.0,18.4,25.4,23526064.0,0.0,16803828.0,15.2,0,under budget by 15.9pp
253,1786825209.6691267,friend,monthly,1.0,0.1,1.1,21751326.0,0.0,5298092.0,64947.2,0,under budget by 90.1pp
254,1786825209.6691267,friend,5-hour,10.0,21.5,31.5,21751326.0,0.0,5298092.0,12.5,0,under budget by 17.9pp
255,1786826111.9448483,friend,monthly,1.0,0.1,1.1,3428536.0,0.0,7220083.0,64972.0,0,under budget by 90.2pp
256,1786826111.9448483,friend,5-hour,14.0,25.5,39.5,3428536.0,0.0,7220083.0,10.1,0,under budget by 18.9pp
257,1786827029.0115104,friend,monthly,1.0,0.1,1.1,26750004.0,0.0,5332385.0,64997.3,0,under budget by 90.2pp
258,1786827029.0115104,friend,5-hour,18.0,28.4,46.4,26750004.0,0.0,5332385.0,8.6,0,under budget by 20.0pp
259,1786827930.1452785,friend,monthly,1.0,0.1,1.1,1193581.0,0.0,7220083.0,65022.0,0,under budget by 90.2pp
260,1786827930.1452785,friend,5-hour,21.0,19.5,40.5,1193581.0,0.0,7220083.0,8.1,0,under budget by 22.0pp
261,1786828831.3297725,friend,monthly,1.0,0.1,1.1,16414269.0,0.0,5206181.0,65046.8,0,under budget by 90.3pp
262,1786828831.3297725,friend,5-hour,25.0,20.8,45.8,16414269.0,0.0,5206181.0,7.2,0,under budget by 23.0pp
263,1786829732.6667078,friend,monthly,1.0,0.1,1.1,17074806.0,0.0,5206181.0,65071.6,0,under budget by 90.3pp
264,1786829732.6667078,friend,5-hour,28.0,21.1,49.1,17074806.0,0.0,5206181.0,6.8,0,under budget by 25.0pp
265,1786830633.870574,friend,monthly,1.0,0.1,1.1,17907826.0,0.0,5206181.0,65096.4,0,under budget by 90.3pp
266,1786830633.870574,friend,5-hour,31.0,21.4,52.4,17907826.0,0.0,5206181.0,6.5,0,under budget by 27.0pp
267,1786831535.3499506,friend,monthly,1.0,0.1,1.1,5550443.0,0.0,6887130.0,65121.2,0,under budget by 90.4pp
268,1786831535.3499506,friend,5-hour,35.0,11.1,46.1,5550443.0,0.0,6887130.0,5.9,0,under budget by 28.0pp
269,1786832437.0227218,friend,monthly,1.0,0.1,1.1,26072639.0,0.0,27271517.0,65146.0,0,under budget by 90.4pp
270,1786832437.0227218,friend,5-hour,39.0,11.5,50.5,26072639.0,0.0,27271517.0,5.3,0,under budget by 29.0pp
271,1786833338.18867,friend,monthly,1.0,0.1,1.1,26485024.0,0.0,27271517.0,65170.8,0,under budget by 90.4pp
272,1786833338.18867,friend,5-hour,41.0,11.2,52.2,26485024.0,0.0,27271517.0,5.3,0,under budget by 32.0pp
273,1786834239.5075939,friend,monthly,1.0,0.1,1.1,26065441.0,0.0,27271517.0,65195.6,0,under budget by 90.5pp
274,1786834239.5075939,friend,5-hour,45.0,11.5,56.5,26065441.0,0.0,27271517.0,4.8,0,under budget by 33.0pp
275,1786835141.1989164,friend,monthly,1.0,0.1,1.1,25560921.0,0.0,27271517.0,65220.4,0,under budget by 90.5pp
276,1786835141.1989164,friend,5-hour,48.0,0.0,48.0,25560921.0,0.0,27271517.0,4.5,0,under budget by 35.0pp
277,1786836043.2094345,friend,monthly,1.0,0.1,1.1,25652153.0,0.0,26425505.0,65245.2,0,under budget by 90.5pp
278,1786836043.2094345,friend,5-hour,51.0,0.0,51.0,25652153.0,0.0,26425505.0,4.2,0,under budget by 37.1pp
279,1786836948.2250462,friend,monthly,1.0,0.1,1.1,25235747.0,0.0,26425505.0,65270.0,0,under budget by 90.6pp
280,1786836948.2250462,friend,5-hour,53.0,0.0,53.0,25235747.0,0.0,26425505.0,4.1,0,under budget by 40.1pp
281,1786837852.497481,friend,monthly,1.0,0.1,1.1,25110936.0,0.0,26425505.0,65294.9,0,under budget by 90.6pp
282,1786837852.497481,friend,5-hour,57.0,0.0,57.0,25110936.0,0.0,26425505.0,3.7,0,under budget by 41.1pp
283,1786838754.410459,friend,monthly,1.0,0.1,1.1,24764051.0,0.0,26425505.0,65319.7,0,under budget by 90.6pp
284,1786838754.410459,friend,5-hour,1.0,27.0,28.0,24764051.0,0.0,26425505.0,14.7,0,under budget by 2.0pp
285,1786839655.8947294,friend,monthly,1.0,0.1,1.1,24276394.0,0.0,27078932.0,65344.5,0,under budget by 90.7pp
286,1786839655.8947294,friend,5-hour,2.0,20.1,22.1,24276394.0,0.0,27078932.0,19.5,0,under budget by 6.0pp
287,1786840560.0254858,friend,monthly,1.0,0.1,1.1,24260021.0,0.0,27078932.0,65369.4,0,under budget by 90.7pp
288,1786840560.0254858,friend,5-hour,4.0,24.6,28.6,24260021.0,0.0,27078932.0,15.6,0,under budget by 9.0pp
289,1786841461.21318,friend,monthly,1.0,0.1,1.1,24071178.0,0.0,27078932.0,65394.2,0,under budget by 90.7pp
290,1786841461.21318,friend,5-hour,5.0,22.2,27.2,24071178.0,0.0,27078932.0,17.1,0,under budget by 13.0pp
291,1786842362.5650525,friend,monthly,1.0,0.1,1.1,23697798.0,0.0,27078932.0,65418.9,0,under budget by 90.8pp
292,1786842362.5650525,friend,5-hour,6.0,15.6,21.6,23697798.0,0.0,27078932.0,18.0,0,under budget by 17.0pp
293,1786843263.7237432,friend,monthly,1.0,0.1,1.1,838140.0,0.0,5644814.0,65443.7,0,under budget by 90.8pp
294,1786843263.7237432,friend,5-hour,6.0,12.9,18.9,838140.0,0.0,5644814.0,21.9,0,under budget by 22.0pp
295,1786844164.9711082,friend,monthly,1.0,0.1,1.1,1456437.0,0.0,5644814.0,65468.5,0,under budget by 90.8pp
296,1786844164.9711082,friend,5-hour,7.0,12.7,19.7,1456437.0,0.0,5644814.0,21.9,0,under budget by 26.0pp
297,1786845065.99789,friend,monthly,1.0,0.1,1.1,1456437.0,0.0,5644814.0,65493.3,0,under budget by 90.9pp
298,1786845065.99789,friend,5-hour,8.0,12.6,20.6,1456437.0,0.0,5644814.0,21.9,0,under budget by 30.0pp
299,1786845967.3238485,friend,monthly,1.0,0.1,1.1,898496.0,0.0,4888553.0,65518.1,0,under budget by 90.9pp
300,1786845967.3238485,friend,5-hour,9.0,8.4,17.4,898496.0,0.0,4888553.0,21.8,0,under budget by 34.0pp
301,1786846868.183912,friend,monthly,1.0,0.1,1.1,1083689.0,0.0,5233573.0,65542.8,0,under budget by 91.0pp
302,1786846868.183912,friend,5-hour,10.0,8.3,18.3,1083689.0,0.0,5233573.0,21.6,0,under budget by 38.0pp
303,1786847769.4122329,friend,monthly,1.0,0.1,1.1,1225322.0,0.0,5233573.0,65567.6,0,under budget by 91.0pp
304,1786847769.4122329,friend,5-hour,10.0,7.5,17.5,1225322.0,0.0,5233573.0,23.9,0,under budget by 43.0pp
305,1786848670.2403,friend,monthly,1.0,0.1,1.1,1338620.0,0.0,5233573.0,65592.4,0,under budget by 91.0pp
306,1786848670.2403,friend,5-hour,10.0,6.9,16.9,1338620.0,0.0,5233573.0,26.1,0,under budget by 48.1pp
307,1786849571.3716395,friend,monthly,1.0,0.1,1.1,1338620.0,0.0,5233573.0,65617.2,0,under budget by 91.1pp
308,1786849571.3716395,friend,5-hour,11.0,3.5,14.5,1338620.0,0.0,5233573.0,25.5,0,under budget by 52.1pp
309,1786850472.40484,friend,monthly,1.0,0.1,1.1,1338620.0,0.0,5369969.0,65642.0,0,under budget by 91.1pp
310,1786850472.40484,friend,5-hour,11.0,3.2,14.2,1338620.0,0.0,5369969.0,27.5,0,under budget by 57.1pp
311,1786851373.5887709,friend,monthly,1.0,0.1,1.1,1338620.0,0.0,5369969.0,65666.7,0,under budget by 91.1pp
312,1786851373.5887709,friend,5-hour,12.0,3.3,15.3,1338620.0,0.0,5369969.0,26.8,0,under budget by 61.1pp
313,1786852274.446198,friend,monthly,1.0,0.1,1.1,1338620.0,0.0,5369969.0,65691.5,0,under budget by 91.2pp
314,1786852274.446198,friend,5-hour,12.0,3.1,15.1,1338620.0,0.0,5369969.0,28.6,0,under budget by 66.1pp
315,1786853175.5334742,friend,monthly,1.0,0.1,1.1,1338620.0,0.0,5369969.0,65716.3,0,under budget by 91.2pp
316,1786853175.5334742,friend,5-hour,13.0,0.0,13.0,1338620.0,0.0,5369969.0,27.8,0,under budget by 70.1pp
317,1786854076.325207,friend,monthly,1.0,0.1,1.1,1338620.0,0.0,5540224.0,65741.1,0,under budget by 91.2pp
318,1786854076.325207,friend,5-hour,13.0,0.0,13.0,1338620.0,0.0,5540224.0,29.5,0,under budget by 75.1pp
319,1786854977.7478137,friend,monthly,1.0,0.1,1.1,989754.0,0.0,5223374.0,65765.9,0,under budget by 91.3pp
320,1786854977.7478137,friend,5-hour,14.0,0.0,14.0,989754.0,0.0,5223374.0,28.6,0,under budget by 79.1pp
321,1786855878.475529,friend,monthly,1.0,0.1,1.1,1075215.0,0.0,5223374.0,65790.6,0,under budget by 91.3pp
322,1786855878.475529,friend,5-hour,15.0,0.0,15.0,1075215.0,0.0,5223374.0,27.8,0,under budget by 83.1pp
323,1786856779.55639,friend,monthly,1.0,0.1,1.1,836750.0,0.0,5057510.0,65815.4,0,under budget by 91.3pp
324,1786856779.55639,friend,5-hour,1.0,29.1,30.1,836750.0,0.0,5057510.0,13.6,0,under budget by 1.7pp
325,1786857680.3714688,friend,monthly,1.0,0.1,1.1,836750.0,0.0,5432031.0,65840.2,0,under budget by 91.4pp
326,1786857680.3714688,friend,5-hour,1.0,10.3,11.3,836750.0,0.0,5432031.0,38.4,0,under budget by 6.8pp
327,1786858581.6506932,friend,monthly,1.0,0.1,1.1,836750.0,0.0,5432031.0,65865.0,0,under budget by 91.4pp
328,1786858581.6506932,friend,5-hour,1.0,6.3,7.3,836750.0,0.0,5432031.0,63.2,0,under budget by 11.8pp
329,1786859482.4782255,friend,monthly,1.0,0.1,1.1,836750.0,0.0,5432031.0,65889.7,0,under budget by 91.4pp
330,1786859482.4782255,friend,5-hour,2.0,9.0,11.0,836750.0,0.0,5432031.0,43.5,0,under budget by 15.8pp
331,1786860383.785881,friend,monthly,1.0,0.1,1.1,836750.0,0.0,5432031.0,65914.5,0,under budget by 91.5pp
332,1786860383.785881,friend,5-hour,4.0,10.5,14.5,836750.0,0.0,5432031.0,27.3,0,under budget by 18.8pp
333,1786861284.8325584,friend,monthly,1.0,0.1,1.1,836750.0,0.0,5724452.0,65939.3,0,under budget by 91.5pp
334,1786861284.8325584,friend,5-hour,5.0,10.8,15.8,836750.0,0.0,5724452.0,26.4,0,under budget by 22.8pp
335,1786862186.0336053,friend,monthly,1.0,0.1,1.1,699475.0,0.0,5608795.0,65964.1,0,under budget by 91.5pp
336,1786862186.0336053,friend,5-hour,8.0,14.6,22.6,699475.0,0.0,5608795.0,18.9,0,under budget by 24.8pp
337,1786863086.9226954,friend,monthly,1.0,0.1,1.1,699475.0,0.0,5608795.0,65988.9,0,under budget by 91.6pp
338,1786863086.9226954,friend,5-hour,13.0,20.6,33.6,699475.0,0.0,5608795.0,12.6,0,under budget by 24.8pp
339,1786863988.06827,friend,monthly,1.0,0.1,1.1,699475.0,0.0,5608795.0,66013.6,0,under budget by 91.6pp
340,1786863988.06827,friend,5-hour,16.0,15.0,31.0,699475.0,0.0,5608795.0,11.2,0,under budget by 26.8pp
341,1786864889.0472631,friend,monthly,1.0,0.1,1.1,651785.0,0.0,5756346.0,66038.4,0,under budget by 91.6pp
342,1786864889.0472631,friend,5-hour,19.0,15.9,34.9,651785.0,0.0,5756346.0,10.2,0,under budget by 28.8pp
343,1786865790.398747,friend,monthly,1.0,0.1,1.1,887812.0,0.0,5756346.0,66063.2,0,under budget by 91.7pp
344,1786865790.398747,friend,5-hour,23.0,17.4,40.4,887812.0,0.0,5756346.0,8.8,0,under budget by 29.8pp
345,1786866691.8692636,friend,monthly,1.0,0.1,1.1,1275252.0,0.0,5756346.0,66088.0,0,under budget by 91.7pp
346,1786866691.8692636,friend,5-hour,26.0,18.0,44.0,1275252.0,0.0,5756346.0,8.2,0,under budget by 31.8pp
347,1786867593.017437,friend,monthly,1.0,0.1,1.1,1307304.0,0.0,5697305.0,66112.8,0,under budget by 91.8pp
348,1786867593.017437,friend,5-hour,29.0,9.2,38.2,1307304.0,0.0,5697305.0,7.7,0,under budget by 33.8pp
349,1786868494.1647205,friend,monthly,1.0,0.1,1.1,1719522.0,0.0,5654560.0,66137.6,0,under budget by 91.8pp
350,1786868494.1647205,friend,5-hour,32.0,9.4,41.4,1719522.0,0.0,5654560.0,7.2,0,under budget by 35.8pp
351,1786869395.6611516,friend,monthly,1.0,0.1,1.1,2291031.0,0.0,5654560.0,66162.4,0,under budget by 91.8pp
352,1786869395.6611516,friend,5-hour,35.0,9.6,44.6,2291031.0,0.0,5654560.0,6.8,0,under budget by 37.8pp
353,1786870296.6532257,friend,monthly,1.0,0.1,1.1,2390463.0,0.0,5654560.0,66187.1,0,under budget by 91.9pp
354,1786870296.6532257,friend,5-hour,37.0,9.5,46.5,2390463.0,0.0,5654560.0,6.6,0,under budget by 40.8pp
355,1786871197.7862089,friend,monthly,1.0,0.1,1.1,2167891.0,0.0,5610210.0,66211.9,0,under budget by 91.9pp
356,1786871197.7862089,friend,5-hour,38.0,0.0,38.0,2167891.0,0.0,5610210.0,6.8,0,under budget by 44.8pp
357,1786872098.9293308,friend,monthly,1.0,0.1,1.1,2495612.0,0.0,5577670.0,66236.7,0,under budget by 91.9pp
358,1786872098.9293308,friend,5-hour,41.0,0.0,41.0,2495612.0,0.0,5577670.0,6.3,0,under budget by 46.9pp
359,1786873000.3047476,friend,monthly,1.0,0.1,1.1,2648618.0,0.0,5577670.0,66261.5,0,under budget by 92.0pp
360,1786873000.3047476,friend,5-hour,43.0,0.0,43.0,2648618.0,0.0,5577670.0,6.2,0,under budget by 49.9pp
361,1786873901.170315,friend,monthly,1.0,0.1,1.1,2846329.0,0.0,5577670.0,66286.3,0,under budget by 92.0pp
362,1786873901.170315,friend,5-hour,47.0,0.0,47.0,2846329.0,0.0,5577670.0,5.5,0,under budget by 50.9pp
363,1786874802.4508104,friend,monthly,1.0,0.1,1.1,3021822.0,0.0,5543133.0,66311.0,0,under budget by 92.0pp
364,1786874802.4508104,friend,5-hour,1.0,28.0,29.0,3021822.0,0.0,5543133.0,14.1,0,under budget by 1.9pp
365,1786875703.4954429,friend,monthly,1.0,0.1,1.1,3206560.0,0.0,4963394.0,66335.8,0,under budget by 92.1pp
366,1786875703.4954429,friend,5-hour,3.0,30.5,33.5,3206560.0,0.0,4963394.0,12.7,0,under budget by 4.9pp
367,1786876604.6777842,friend,monthly,1.0,0.1,1.1,3335191.0,0.0,4963394.0,66360.6,0,under budget by 92.1pp
368,1786876604.6777842,friend,5-hour,5.0,31.1,36.1,3335191.0,0.0,4963394.0,12.2,0,under budget by 7.9pp
369,1786877505.8498535,friend,monthly,1.0,0.1,1.1,3491685.0,0.0,4963394.0,66385.4,0,under budget by 92.1pp
370,1786877505.8498535,friend,5-hour,8.0,35.8,43.8,3491685.0,0.0,4963394.0,10.3,0,under budget by 9.9pp
371,1786878407.190717,friend,monthly,1.0,0.1,1.1,3720807.0,0.0,4963394.0,66410.2,0,under budget by 92.2pp
372,1786878407.190717,friend,5-hour,11.0,28.8,39.8,3720807.0,0.0,4963394.0,9.3,0,under budget by 11.9pp
373,1786879308.1037292,friend,monthly,1.0,0.1,1.1,3720807.0,0.0,3633242.0,66434.9,0,under budget by 92.2pp
374,1786879308.1037292,friend,5-hour,12.0,25.8,37.8,3720807.0,0.0,3633242.0,10.2,0,under budget by 15.9pp
375,1786880209.5909297,friend,monthly,1.0,0.1,1.1,3403858.0,0.0,3615030.0,66459.7,0,under budget by 92.2pp
376,1786880209.5909297,friend,5-hour,13.0,23.7,36.7,3403858.0,0.0,3615030.0,11.0,0,under budget by 19.9pp
377,1786881110.5375333,friend,monthly,1.0,0.1,1.1,3536527.0,0.0,3615030.0,66484.5,0,under budget by 92.3pp
378,1786881110.5375333,friend,5-hour,13.0,20.6,33.6,3536527.0,0.0,3615030.0,12.7,0,under budget by 24.9pp
379,1786882011.5968187,friend,monthly,1.0,0.1,1.1,3554607.0,0.0,3615030.0,66509.3,0,under budget by 92.3pp
380,1786882011.5968187,friend,5-hour,14.0,13.1,27.1,3554607.0,0.0,3615030.0,13.2,0,under budget by 28.9pp
381,1786882912.8545868,friend,monthly,1.0,0.1,1.1,3554607.0,0.0,2198757.0,66534.1,0,under budget by 92.3pp
382,1786882912.8545868,friend,5-hour,14.0,11.7,25.7,3554607.0,0.0,2198757.0,14.7,0,under budget by 33.9pp
383,1786883814.1280038,friend,monthly,1.0,0.1,1.1,3502362.0,0.0,2182036.0,66558.9,0,under budget by 92.4pp
384,1786883814.1280038,friend,5-hour,14.0,10.6,24.6,3502362.0,0.0,2182036.0,16.3,0,under budget by 38.9pp
385,1786884714.926802,friend,monthly,1.0,0.1,1.1,3132362.0,0.0,2182036.0,66583.6,0,under budget by 92.4pp
386,1786884714.926802,friend,5-hour,16.0,11.0,27.0,3132362.0,0.0,2182036.0,15.2,0,under budget by 41.9pp
387,1786885615.9498222,friend,monthly,1.0,0.1,1.1,3218621.0,0.0,2189652.0,66608.4,0,under budget by 92.4pp
388,1786885615.9498222,friend,5-hour,18.0,5.7,23.7,3218621.0,0.0,2189652.0,14.3,0,under budget by 44.9pp
389,1786886517.0478165,friend,monthly,1.0,0.1,1.1,986514.0,0.0,1302329.0,66633.2,0,under budget by 92.5pp
390,1786886517.0478165,friend,5-hour,20.0,5.9,25.9,986514.0,0.0,1302329.0,13.6,0,under budget by 47.9pp
391,1786887418.1371226,friend,monthly,1.0,0.1,1.1,986514.0,0.0,1302329.0,66658.0,0,under budget by 92.5pp
392,1786887418.1371226,friend,5-hour,23.0,6.3,29.3,986514.0,0.0,1302329.0,12.2,0,under budget by 49.9pp
393,1786888319.090566,friend,monthly,1.0,0.1,1.1,1232773.0,0.0,1302329.0,66682.7,0,under budget by 92.6pp
394,1786888319.090566,friend,5-hour,27.0,6.9,33.9,1232773.0,0.0,1302329.0,10.5,0,under budget by 51.0pp
395,1786889220.1465003,friend,monthly,1.0,0.1,1.1,1481927.0,0.0,1302329.0,66707.5,0,under budget by 92.6pp
396,1786889220.1465003,friend,5-hour,32.0,0.0,32.0,1481927.0,0.0,1302329.0,8.8,0,under budget by 51.0pp
397,1786890121.233574,friend,monthly,1.0,0.1,1.1,1481927.0,0.0,1290510.0,66732.3,0,under budget by 92.6pp
398,1786890121.233574,friend,5-hour,35.0,0.0,35.0,1481927.0,0.0,1290510.0,8.2,0,under budget by 53.0pp
399,1786891022.3757167,friend,monthly,1.0,0.1,1.1,1175540.0,0.0,1249531.0,66757.1,0,under budget by 92.7pp
400,1786891022.3757167,friend,5-hour,38.0,0.0,38.0,1175540.0,0.0,1249531.0,7.6,0,under budget by 55.0pp
401,1786891923.6070333,friend,monthly,1.0,0.1,1.1,1222210.0,0.0,1249531.0,66781.9,0,under budget by 92.7pp
402,1786891923.6070333,friend,5-hour,41.0,0.0,41.0,1222210.0,0.0,1249531.0,7.0,0,under budget by 57.0pp
403,1786892824.4989405,friend,monthly,1.0,0.1,1.1,1222210.0,0.0,1249531.0,66806.6,0,under budget by 92.7pp
404,1786892824.4989405,friend,5-hour,1.0,27.9,28.9,1222210.0,0.0,1249531.0,14.2,0,under budget by 1.9pp
405,1786893725.5493195,friend,monthly,1.0,0.1,1.1,1222210.0,0.0,1257397.0,66831.4,0,under budget by 92.8pp
406,1786893725.5493195,friend,5-hour,5.0,50.8,55.8,1222210.0,0.0,1257397.0,7.5,0,under budget by 2.9pp
407,1786894626.5489295,friend,monthly,1.0,0.1,1.1,1222210.0,0.0,1257397.0,66856.2,0,under budget by 92.8pp
408,1786894626.5489295,friend,5-hour,8.0,49.7,57.7,1222210.0,0.0,1257397.0,7.4,0,under budget by 4.9pp
409,1786895527.3084574,friend,monthly,1.0,0.1,1.1,1222210.0,0.0,1257397.0,66881.0,0,under budget by 92.8pp
410,1786895527.3084574,friend,5-hour,11.0,49.2,60.2,1222210.0,0.0,1257397.0,7.2,0,under budget by 6.9pp
411,1786896428.418724,friend,monthly,1.0,0.1,1.1,990275.0,0.0,1231993.0,66905.8,0,under budget by 92.9pp
412,1786896428.418724,friend,5-hour,14.0,36.7,50.7,990275.0,0.0,1231993.0,7.0,0,under budget by 8.9pp
413,1786897329.4249194,friend,monthly,1.0,0.1,1.1,1036912.0,0.0,1217016.0,66930.5,0,under budget by 92.9pp
414,1786897329.4249194,friend,5-hour,16.0,34.4,50.4,1036912.0,0.0,1217016.0,7.3,0,under budget by 11.9pp
415,1786898230.5217984,friend,monthly,1.0,0.1,1.1,1050442.0,0.0,1217016.0,66955.3,0,under budget by 92.9pp
416,1786898230.5217984,friend,5-hour,19.0,34.6,53.6,1050442.0,0.0,1217016.0,7.0,0,under budget by 13.9pp
417,1786899131.7825208,friend,monthly,1.0,0.1,1.1,1127514.0,0.0,1217016.0,66980.1,0,under budget by 93.0pp
418,1786899131.7825208,friend,5-hour,19.0,30.1,49.1,1127514.0,0.0,1217016.0,8.1,0,under budget by 18.9pp
419,1786900032.6923964,friend,monthly,1.0,0.1,1.1,1127514.0,0.0,1217016.0,67004.9,0,under budget by 93.0pp
420,1786900032.6923964,friend,5-hour,23.0,21.4,44.4,1127514.0,0.0,1217016.0,7.2,0,under budget by 19.9pp
421,1786900933.5944252,friend,monthly,1.0,0.1,1.1,3577783.0,0.0,1183389.0,67029.6,0,under budget by 93.0pp
422,1786900933.5944252,friend,5-hour,26.0,21.7,47.7,3577783.0,0.0,1183389.0,6.8,0,under budget by 21.9pp
423,1786901834.9544904,friend,monthly,1.0,0.1,1.1,3577783.0,0.0,1183389.0,67054.4,0,under budget by 93.1pp
424,1786901834.9544904,friend,5-hour,29.0,21.9,50.9,3577783.0,0.0,1183389.0,6.5,0,under budget by 23.9pp
425,1786902736.0501142,friend,monthly,1.0,0.1,1.1,3577783.0,0.0,1183389.0,67079.2,0,under budget by 93.1pp
426,1786902736.0501142,friend,5-hour,32.0,22.1,54.1,3577783.0,0.0,1183389.0,6.2,0,under budget by 25.9pp
427,1786903637.206129,friend,monthly,1.0,0.1,1.1,3577783.0,0.0,1183389.0,67104.0,0,under budget by 93.1pp
428,1786903637.206129,friend,5-hour,33.0,10.5,43.5,3577783.0,0.0,1183389.0,6.4,0,under budget by 29.9pp
429,1786904538.4790812,friend,monthly,1.0,0.1,1.1,3577783.0,0.0,1183389.0,67128.8,0,under budget by 93.2pp
430,1786904538.4790812,friend,5-hour,34.0,10.0,44.0,3577783.0,0.0,1183389.0,6.6,0,under budget by 33.9pp
431,1786905439.6884634,friend,monthly,2.0,0.1,2.1,955432.0,0.0,1218722.0,33237.6,0,under budget by 92.2pp
432,1786905439.6884634,friend,5-hour,36.0,9.9,45.9,955432.0,0.0,1218722.0,6.5,0,under budget by 37.0pp
433,1786906340.6228933,friend,monthly,2.0,0.1,2.1,955432.0,0.0,1218722.0,33249.9,0,under budget by 92.2pp
434,1786906340.6228933,friend,5-hour,38.0,9.7,47.7,955432.0,0.0,1218722.0,6.4,0,under budget by 40.0pp
435,1786907241.6366153,friend,monthly,2.0,0.1,2.1,955432.0,0.0,1218722.0,33262.1,0,under budget by 92.3pp
436,1786907241.6366153,friend,5-hour,40.0,0.0,40.0,955432.0,0.0,1218722.0,6.2,0,under budget by 43.0pp
437,1786908142.6385934,friend,monthly,2.0,0.1,2.1,955432.0,0.0,1220753.0,33274.4,0,under budget by 92.3pp
438,1786908142.6385934,friend,5-hour,43.0,0.0,43.0,955432.0,0.0,1220753.0,5.8,0,under budget by 45.0pp
439,1786909043.6858149,friend,monthly,2.0,0.1,2.1,734755.0,0.0,1238070.0,33286.7,0,under budget by 92.3pp
440,1786909043.6858149,friend,5-hour,50.0,0.0,50.0,734755.0,0.0,1238070.0,4.6,0,under budget by 43.0pp
441,1786909944.6969483,friend,monthly,2.0,0.1,2.1,955432.0,0.0,1220753.0,33298.9,0,under budget by 92.4pp
442,1786909944.6969483,friend,5-hour,56.0,0.0,56.0,955432.0,0.0,1220753.0,3.8,0,under budget by 42.0pp
443,1786910845.7463696,friend,monthly,2.0,0.1,2.1,955432.0,0.0,1220753.0,33311.2,0,under budget by 92.4pp
444,1786910845.7463696,friend,5-hour,4.0,108.7,112.7,955432.0,0.0,1220753.0,3.5,1,under budget by 1.1pp
445,1786911746.5102265,friend,monthly,2.0,0.1,2.1,2973510.0,0.0,1203476.0,33323.5,0,under budget by 92.5pp
446,1786911746.5102265,friend,5-hour,8.0,80.5,88.5,2973510.0,0.0,1203476.0,4.6,0,under budget by 0.1pp
447,1786912648.5706267,friend,monthly,2.0,0.1,2.1,949364.0,0.0,1220547.0,33335.7,0,under budget by 92.5pp
448,1786912648.5706267,friend,5-hour,10.0,61.7,71.7,949364.0,0.0,1220547.0,5.8,0,under budget by 3.0pp
449,1786913549.6241353,friend,monthly,2.0,0.1,2.1,969666.0,0.0,1220547.0,33348.0,0,under budget by 92.5pp
450,1786913549.6241353,friend,5-hour,13.0,57.9,70.9,969666.0,0.0,1220547.0,6.0,0,under budget by 5.0pp
451,1786914450.6753764,friend,monthly,2.0,0.1,2.1,969666.0,0.0,1220547.0,33360.3,0,under budget by 92.6pp
452,1786914450.6753764,friend,5-hour,18.0,47.0,65.0,969666.0,0.0,1220547.0,5.2,0,under budget by 5.0pp
453,1786915351.4009264,friend,monthly,2.0,0.1,2.1,2246503.0,0.0,1040633.0,33372.5,0,under budget by 92.6pp
454,1786915351.4009264,friend,5-hour,22.0,47.2,69.2,2246503.0,0.0,1040633.0,5.0,0,under budget by 6.0pp
455,1786916252.6436057,friend,monthly,2.0,0.1,2.1,2074185.0,0.0,1035417.0,33384.8,0,under budget by 92.6pp
456,1786916252.6436057,friend,5-hour,22.0,40.0,62.0,2074185.0,0.0,1035417.0,5.8,0,under budget by 11.0pp
457,1786917155.1654878,friend,monthly,2.0,0.1,2.1,11122994.0,0.0,1396156.0,33397.1,0,under budget by 92.7pp
458,1786917155.1654878,friend,5-hour,26.0,41.1,67.1,11122994.0,0.0,1396156.0,5.4,0,under budget by 12.0pp
459,1786918056.255163,friend,monthly,2.0,0.1,2.1,3113367.0,0.0,1396156.0,33409.3,0,under budget by 92.7pp
460,1786918056.255163,friend,5-hour,28.0,26.0,54.0,3113367.0,0.0,1396156.0,5.5,0,under budget by 15.0pp
461,1786918957.2887168,friend,monthly,2.0,0.1,2.1,3080076.0,0.0,3040582.0,33421.6,0,under budget by 92.7pp
462,1786918957.2887168,friend,5-hour,28.0,23.3,51.3,3080076.0,0.0,3040582.0,6.2,0,under budget by 20.0pp
463,1786919858.5558898,friend,monthly,2.0,0.1,2.1,3295799.0,0.0,3040582.0,33433.9,0,under budget by 92.8pp
464,1786919858.5558898,friend,5-hour,30.0,22.6,52.6,3295799.0,0.0,3040582.0,6.2,0,under budget by 23.0pp
465,1786920759.3892229,friend,monthly,2.0,0.1,2.1,11873919.0,0.0,3550635.0,33446.1,0,under budget by 92.8pp
466,1786920759.3892229,friend,5-hour,31.0,21.4,52.4,11873919.0,0.0,3550635.0,6.5,0,under budget by 27.0pp
467,1786921660.2432232,friend,monthly,2.0,0.1,2.1,11916278.0,0.0,3550635.0,33458.4,0,under budget by 92.8pp
468,1786921660.2432232,friend,5-hour,31.0,9.8,40.8,11916278.0,0.0,3550635.0,7.0,0,under budget by 32.0pp
469,1786922561.03062,friend,monthly,2.0,0.1,2.1,11916278.0,0.0,3021275.0,33470.7,0,under budget by 92.9pp
470,1786922561.03062,friend,5-hour,31.0,9.1,40.1,11916278.0,0.0,3021275.0,7.6,0,under budget by 37.0pp
471,1786923462.01413,friend,monthly,2.0,0.1,2.1,8248857.0,0.0,2848486.0,33482.9,0,under budget by 92.9pp
472,1786923462.01413,friend,5-hour,31.0,8.5,39.5,8248857.0,0.0,2848486.0,8.1,0,under budget by 42.0pp
473,1786924363.0941248,friend,monthly,2.0,0.1,2.1,9247268.0,0.0,2848486.0,33495.2,0,under budget by 92.9pp
474,1786924363.0941248,friend,5-hour,31.0,7.9,38.9,9247268.0,0.0,2848486.0,8.7,0,under budget by 47.0pp
475,1786925264.0210192,friend,monthly,2.0,0.1,2.1,9247268.0,0.0,2848486.0,33507.5,0,under budget by 93.0pp
476,1786925264.0210192,friend,5-hour,31.0,0.0,31.0,9247268.0,0.0,2848486.0,9.2,0,under budget by 52.0pp
477,1786926164.8899791,friend,monthly,2.0,0.1,2.1,3607850.0,0.0,10349576.0,33519.7,0,under budget by 93.0pp
478,1786926164.8899791,friend,5-hour,31.0,0.0,31.0,3607850.0,0.0,10349576.0,9.8,0,under budget by 57.0pp
479,1786927065.9618177,friend,monthly,2.0,0.1,2.1,3601117.0,0.0,10349576.0,33532.0,0,under budget by 93.0pp
480,1786927065.9618177,friend,5-hour,31.0,0.0,31.0,3601117.0,0.0,10349576.0,10.4,0,under budget by 62.1pp
481,1786927966.892753,friend,monthly,2.0,0.1,2.1,3601117.0,0.0,10349576.0,33544.2,0,under budget by 93.1pp
482,1786927966.892753,friend,5-hour,31.0,0.0,31.0,3601117.0,0.0,10349576.0,10.9,0,under budget by 67.1pp
483,1786928867.7272654,friend,monthly,2.0,0.1,2.1,3601117.0,0.0,10349576.0,33556.5,0,under budget by 93.1pp
484,1786928867.7272654,friend,5-hour,0.0,0.0,0.0,3601117.0,0.0,10349576.0,5.0,0,under budget by 100.0pp
485,1786929768.6975782,friend,monthly,2.0,0.1,2.1,2272772.0,0.0,1903093.0,33568.8,0,under budget by 93.1pp
486,1786929768.6975782,friend,5-hour,0.0,0.0,0.0,2272772.0,0.0,1903093.0,5.0,0,under budget by 100.0pp
487,1786930669.6096659,friend,monthly,2.0,0.1,2.1,1602971.0,0.0,1794254.0,33581.0,0,under budget by 93.2pp
488,1786930669.6096659,friend,5-hour,1.0,34.8,35.8,1602971.0,0.0,1794254.0,11.4,0,under budget by 1.3pp
489,1786931570.8455606,friend,monthly,2.0,0.1,2.1,1602971.0,0.0,1794254.0,33593.3,0,under budget by 93.2pp
490,1786931570.8455606,friend,5-hour,1.0,11.0,12.0,1602971.0,0.0,1794254.0,36.2,0,under budget by 6.3pp
491,1786932471.8716657,friend,monthly,2.0,0.1,2.1,1602971.0,0.0,1794254.0,33605.6,0,under budget by 93.3pp
492,1786932471.8716657,friend,5-hour,1.0,6.5,7.5,1602971.0,0.0,1794254.0,60.9,0,under budget by 11.3pp
493,1786933372.809438,friend,monthly,2.0,0.1,2.1,1602971.0,0.0,1827672.0,33617.8,0,under budget by 93.3pp
494,1786933372.809438,friend,5-hour,1.0,4.6,5.6,1602971.0,0.0,1827672.0,85.7,0,under budget by 16.3pp
495,1786934273.8455877,friend,monthly,2.0,0.1,2.1,1602971.0,0.0,1827672.0,33630.1,0,under budget by 93.3pp
496,1786934273.8455877,friend,5-hour,1.0,2.7,3.7,1602971.0,0.0,1827672.0,110.5,0,under budget by 21.3pp
497,1786935174.9725907,friend,monthly,2.0,0.1,2.1,1602971.0,0.0,1827672.0,33642.4,0,under budget by 93.4pp
498,1786935174.9725907,friend,5-hour,1.0,2.2,3.2,1602971.0,0.0,1827672.0,135.3,0,under budget by 26.3pp
499,1786936076.0627,friend,monthly,2.0,0.1,2.1,1602971.0,0.0,1827672.0,33654.6,0,under budget by 93.4pp
500,1786936076.0627,friend,5-hour,1.0,1.9,2.9,1602971.0,0.0,1827672.0,160.1,0,under budget by 31.3pp
501,1786936977.3122723,friend,monthly,2.0,0.1,2.1,449832.0,0.0,2019377.0,33666.9,0,under budget by 93.4pp
502,1786936977.3122723,friend,5-hour,1.0,1.6,2.6,449832.0,0.0,2019377.0,184.8,0,under budget by 36.3pp
503,1786937878.6433551,friend,monthly,2.0,0.1,2.1,449832.0,0.0,2019377.0,33679.2,0,under budget by 93.5pp
504,1786937878.6433551,friend,5-hour,1.0,0.9,1.9,449832.0,0.0,2019377.0,209.6,0,under budget by 41.3pp
505,1786938779.4633946,friend,monthly,2.0,0.1,2.1,449832.0,0.0,2019377.0,33691.4,0,under budget by 93.5pp
506,1786938779.4633946,friend,5-hour,1.0,0.8,1.8,449832.0,0.0,2019377.0,234.4,0,under budget by 46.4pp
507,1786939680.3240368,friend,monthly,2.0,0.1,2.1,449832.0,0.0,2019377.0,33703.7,0,under budget by 93.5pp
508,1786939680.3240368,friend,5-hour,1.0,0.8,1.8,449832.0,0.0,2019377.0,259.2,0,under budget by 51.4pp
509,1786940581.2087724,friend,monthly,2.0,0.1,2.1,449832.0,0.0,2024501.0,33715.9,0,under budget by 93.6pp
510,1786940581.2087724,friend,5-hour,1.0,0.7,1.7,449832.0,0.0,2024501.0,283.9,0,under budget by 56.4pp
511,1786941482.6566267,friend,monthly,2.0,0.1,2.1,580346.0,0.0,1908718.0,33728.2,0,under budget by 93.6pp
512,1786941482.6566267,friend,5-hour,1.0,0.3,1.3,580346.0,0.0,1908718.0,308.7,0,under budget by 61.4pp
513,1786942383.7310572,friend,monthly,2.0,0.1,2.1,580346.0,0.0,1908718.0,33740.5,0,under budget by 93.6pp
514,1786942383.7310572,friend,5-hour,1.0,0.3,1.3,580346.0,0.0,1908718.0,333.5,0,under budget by 66.4pp
515,1786943285.0114317,friend,monthly,2.0,0.1,2.1,742908.0,0.0,1908718.0,33752.7,0,under budget by 93.7pp
516,1786943285.0114317,friend,5-hour,1.0,0.3,1.3,742908.0,0.0,1908718.0,358.3,0,under budget by 71.4pp
517,1786944185.9491289,friend,monthly,2.0,0.1,2.1,742908.0,0.0,1887473.0,33765.0,0,under budget by 93.7pp
518,1786944185.9491289,friend,5-hour,1.0,0.3,1.3,742908.0,0.0,1887473.0,383.1,0,under budget by 76.4pp
519,1786945086.936418,friend,monthly,2.0,0.1,2.1,742908.0,0.0,1887473.0,33777.3,0,under budget by 93.7pp
520,1786945086.936418,friend,5-hour,1.0,0.0,1.0,742908.0,0.0,1887473.0,407.9,0,under budget by 81.4pp
521,1786945987.8582406,friend,monthly,2.0,0.1,2.1,742908.0,0.0,1887473.0,33789.5,0,under budget by 93.8pp
522,1786945987.8582406,friend,5-hour,5.0,0.0,5.0,742908.0,0.0,1887473.0,83.0,0,under budget by 82.4pp
523,1786946888.7718787,friend,monthly,2.0,0.1,2.1,742908.0,0.0,1887473.0,33801.8,0,under budget by 93.8pp
524,1786946888.7718787,friend,5-hour,19.0,0.0,19.0,742908.0,0.0,1887473.0,19.7,0,under budget by 73.4pp
525,1786947789.6814253,friend,monthly,2.0,0.1,2.1,742908.0,0.0,1887473.0,33814.1,0,under budget by 93.8pp
526,1786947789.6814253,friend,5-hour,31.0,0.0,31.0,742908.0,0.0,1887473.0,10.8,0,under budget by 66.4pp
527,1786948690.6066813,friend,monthly,2.0,0.1,2.1,742908.0,0.0,1887473.0,33826.3,0,under budget by 93.9pp
528,1786948690.6066813,friend,5-hour,2.0,66.7,68.7,742908.0,0.0,1887473.0,5.9,0,under budget by 0.4pp
529,1786949591.3484857,friend,monthly,2.0,0.1,2.1,742908.0,0.0,1887473.0,33838.6,0,under budget by 93.9pp
530,1786949591.3484857,friend,5-hour,4.0,43.2,47.2,742908.0,0.0,1887473.0,8.9,0,under budget by 3.4pp
531,1786950492.4937894,friend,monthly,2.0,0.1,2.1,742908.0,0.0,1887473.0,33850.8,0,under budget by 93.9pp
532,1786950492.4937894,friend,5-hour,5.0,32.2,37.2,742908.0,0.0,1887473.0,11.8,0,under budget by 7.4pp
533,1786951393.320212,friend,monthly,2.0,0.1,2.1,557181.0,0.0,1885107.0,33863.1,0,under budget by 94.0pp
534,1786951393.320212,friend,5-hour,12.0,55.1,67.1,557181.0,0.0,1885107.0,6.4,0,under budget by 5.4pp
535,1786952294.5274746,friend,monthly,3.0,0.1,3.1,557181.0,0.0,1885107.0,22353.1,0,under budget by 93.0pp
536,1786952294.5274746,friend,5-hour,22.0,58.9,80.9,557181.0,0.0,1885107.0,4.0,0,under budget by 0.4pp
537,1786956285.4865186,friend,monthly,3.0,0.1,3.1,557181.0,0.0,1831096.0,22389.0,0,under budget by 93.2pp
538,1786956285.4865186,friend,5-hour,73.0,65.5,138.5,557181.0,0.0,1831096.0,0.8,1,OVER budget by 28.4pp
539,1786957186.295544,friend,monthly,3.0,0.1,3.1,557181.0,0.0,1831096.0,22397.1,0,under budget by 93.2pp
540,1786957186.295544,friend,5-hour,79.0,63.7,142.7,557181.0,0.0,1831096.0,0.7,1,OVER budget by 29.4pp
541,1786958087.138474,friend,monthly,3.0,0.1,3.1,557181.0,0.0,1831096.0,22405.2,0,under budget by 93.2pp
542,1786958087.138474,friend,5-hour,87.0,63.7,150.7,557181.0,0.0,1831096.0,0.4,1,OVER budget by 32.4pp
543,1786958988.4633684,friend,monthly,3.0,0.1,3.1,4281504.0,0.0,11666951.0,22413.3,0,under budget by 93.3pp
544,1786958988.4633684,friend,5-hour,98.0,65.8,163.8,4281504.0,0.0,11666951.0,0.1,1,OVER budget by 38.4pp
545,1786959889.491873,friend,monthly,3.0,0.1,3.1,3135402.0,0.0,11666951.0,22421.3,0,under budget by 93.3pp
546,1786959889.491873,friend,5-hour,100.0,31.0,131.0,3135402.0,0.0,11666951.0,0.0,1,OVER budget by 35.4pp
547,1786960790.6014633,friend,monthly,3.0,0.1,3.1,2354624.0,0.0,11666951.0,22429.4,0,under budget by 93.3pp
548,1786960790.6014633,friend,5-hour,100.0,28.7,128.7,2354624.0,0.0,11666951.0,0.0,1,OVER budget by 30.4pp
549,1786961691.7515872,friend,monthly,3.0,0.1,3.1,2033365.0,0.0,11787855.0,22437.5,0,under budget by 93.4pp
550,1786961691.7515872,friend,5-hour,100.0,26.8,126.8,2033365.0,0.0,11787855.0,0.0,1,OVER budget by 25.4pp
551,1786962593.0572677,friend,monthly,3.0,0.1,3.1,1496478.0,0.0,11787855.0,22445.6,0,under budget by 93.4pp
552,1786962593.0572677,friend,5-hour,100.0,25.1,125.1,1496478.0,0.0,11787855.0,0.0,1,OVER budget by 20.4pp
553,1786963494.2639232,friend,monthly,3.0,0.1,3.1,557181.0,0.0,551291.0,22453.7,0,under budget by 93.5pp
554,1786963494.2639232,friend,5-hour,100.0,0.0,100.0,557181.0,0.0,551291.0,0.0,1,OVER budget by 15.4pp
555,1786964395.372434,friend,monthly,3.0,0.1,3.1,557181.0,0.0,551291.0,22461.8,0,under budget by 93.5pp
556,1786964395.372434,friend,5-hour,100.0,0.0,100.0,557181.0,0.0,551291.0,0.0,1,OVER budget by 10.4pp
557,1786965296.7980711,friend,monthly,3.0,0.1,3.1,557181.0,0.0,551291.0,22469.9,0,under budget by 93.5pp
558,1786965296.7980711,friend,5-hour,100.0,0.0,100.0,557181.0,0.0,551291.0,0.0,1,under budget by 5.3pp
559,1786966198.244172,friend,monthly,3.0,0.1,3.1,557181.0,0.0,558679.0,22478.0,0,under budget by 93.6pp
560,1786966198.244172,friend,5-hour,100.0,0.0,100.0,557181.0,0.0,558679.0,0.0,1,under budget by 0.3pp
561,1786967102.4224992,friend,monthly,3.0,0.1,3.1,6099886.0,0.0,706679.0,22486.1,0,under budget by 93.6pp
562,1786967102.4224992,friend,5-hour,4.0,72.2,76.2,6099886.0,0.0,706679.0,5.3,0,under budget by 0.4pp
563,1786968005.2554982,friend,monthly,3.0,0.1,3.1,13812766.0,0.0,706679.0,22494.2,0,under budget by 93.6pp
564,1786968005.2554982,friend,5-hour,12.0,101.6,113.6,13812766.0,0.0,706679.0,3.5,1,under budget by 2.6pp
565,1786968965.107246,friend,monthly,3.0,0.1,3.1,3610990.0,0.0,706679.0,22502.9,0,under budget by 93.7pp
566,1786968965.107246,friend,5-hour,18.0,97.4,115.4,3610990.0,0.0,706679.0,3.4,1,under budget by 3.2pp
567,1786969867.33278,friend,monthly,3.0,0.1,3.1,14279811.0,0.0,2649751.0,22511.0,0,under budget by 93.7pp
568,1786969867.33278,friend,5-hour,26.0,105.1,131.1,14279811.0,0.0,2649751.0,2.8,1,under budget by 6.2pp
569,1786970771.7063491,friend,monthly,3.0,0.1,3.1,28685258.0,0.0,3059669.0,22519.1,0,under budget by 93.7pp
570,1786970771.7063491,friend,5-hour,36.0,87.0,123.0,28685258.0,0.0,3059669.0,2.2,1,OVER budget by 11.2pp
571,1786971673.7490294,friend,monthly,3.0,0.1,3.1,210973.0,0.0,3059669.0,22527.2,0,under budget by 93.8pp
572,1786971673.7490294,friend,5-hour,43.0,86.5,129.5,210973.0,0.0,3059669.0,2.0,1,OVER budget by 13.2pp
573,1786972574.769528,friend,monthly,3.0,0.1,3.1,8174488.0,0.0,3059669.0,22535.3,0,under budget by 93.8pp
574,1786972574.769528,friend,5-hour,47.0,81.0,128.0,8174488.0,0.0,3059669.0,2.0,1,OVER budget by 12.2pp
575,1786973476.7218614,friend,monthly,4.0,0.1,4.1,10829316.0,0.0,28889073.0,16733.2,0,under budget by 92.8pp
576,1786973476.7218614,friend,5-hour,55.0,82.8,137.8,10829316.0,0.0,28889073.0,1.6,1,OVER budget by 15.2pp
577,1786974379.7954364,friend,monthly,4.0,0.1,4.1,14175107.0,0.0,29298867.0,16739.3,0,under budget by 92.9pp
578,1786974379.7954364,friend,5-hour,63.0,56.2,119.2,14175107.0,0.0,29298867.0,1.3,1,OVER budget by 18.1pp
579,1786975280.9723346,friend,monthly,4.0,0.1,4.1,13315898.0,0.0,28889073.0,16745.3,0,under budget by 92.9pp
580,1786975280.9723346,friend,5-hour,69.0,55.3,124.3,13315898.0,0.0,28889073.0,1.1,1,OVER budget by 19.1pp
581,1786976183.412318,friend,monthly,4.0,0.1,4.1,14692427.0,0.0,28889073.0,16751.3,0,under budget by 92.9pp
582,1786976183.412318,friend,5-hour,77.0,56.1,133.1,14692427.0,0.0,28889073.0,0.8,1,OVER budget by 22.1pp
583,1786977085.1594443,friend,monthly,4.0,0.1,4.1,16008739.0,0.0,30711442.0,16757.3,0,under budget by 93.0pp
584,1786977085.1594443,friend,5-hour,82.0,54.8,136.8,16008739.0,0.0,30711442.0,0.7,1,OVER budget by 22.1pp
585,1786977987.0127103,friend,monthly,4.0,0.1,4.1,17606984.0,0.0,30711442.0,16763.3,0,under budget by 93.0pp
586,1786977987.0127103,friend,5-hour,88.0,27.1,115.1,17606984.0,0.0,30711442.0,0.4,1,OVER budget by 23.1pp
587,1786978888.5297198,friend,monthly,4.0,0.1,4.1,16364609.0,0.0,30396445.0,16769.3,0,under budget by 93.0pp
588,1786978888.5297198,friend,5-hour,93.0,26.6,119.6,16364609.0,0.0,30396445.0,0.3,1,OVER budget by 23.1pp
589,1786979791.173223,friend,monthly,4.0,0.1,4.1,18709348.0,0.0,30396445.0,16775.3,0,under budget by 93.1pp
590,1786979791.173223,friend,5-hour,96.0,25.6,121.6,18709348.0,0.0,30396445.0,0.2,1,OVER budget by 21.1pp
591,1786980693.3680503,friend,monthly,4.0,0.1,4.1,20192996.0,0.0,22747629.0,16781.3,0,under budget by 93.1pp
592,1786980693.3680503,friend,5-hour,99.0,24.8,123.8,20192996.0,0.0,22747629.0,0.0,1,OVER budget by 19.1pp
593,1786981594.718297,friend,monthly,4.0,0.1,4.1,20192996.0,0.0,22747629.0,16787.4,0,under budget by 93.1pp
594,1786981594.718297,friend,5-hour,100.0,0.0,100.0,20192996.0,0.0,22747629.0,0.0,1,OVER budget by 15.1pp
595,1786982496.1525474,friend,monthly,4.0,0.1,4.1,20192996.0,0.0,22747629.0,16793.4,0,under budget by 93.2pp
596,1786982496.1525474,friend,5-hour,100.0,0.0,100.0,20192996.0,0.0,22747629.0,0.0,1,OVER budget by 10.0pp
597,1786983397.3644042,friend,monthly,4.0,0.1,4.1,20192996.0,0.0,22747629.0,16799.4,0,under budget by 93.2pp
598,1786983397.3644042,friend,5-hour,100.0,0.0,100.0,20192996.0,0.0,22747629.0,0.0,1,under budget by 5.0pp
599,1786984299.3977294,friend,monthly,4.0,0.1,4.1,20144134.0,0.0,32252405.0,16805.4,0,under budget by 93.3pp
600,1786984299.3977294,friend,5-hour,100.0,0.0,100.0,20144134.0,0.0,32252405.0,0.0,1,under budget by 0.0pp
601,1786985201.5756843,friend,monthly,4.0,0.1,4.1,18119387.0,0.0,31999441.0,16811.4,0,under budget by 93.3pp
602,1786985201.5756843,friend,5-hour,1.0,16.2,17.2,18119387.0,0.0,31999441.0,24.5,0,under budget by 3.9pp
603,1786986102.4849093,friend,monthly,4.0,0.1,4.1,18371830.0,0.0,31999441.0,16817.4,0,under budget by 93.3pp
604,1786986102.4849093,friend,5-hour,1.0,8.0,9.0,18371830.0,0.0,31999441.0,49.3,0,under budget by 9.0pp
605,1786987003.993919,friend,monthly,4.0,0.1,4.1,18755382.0,0.0,31999441.0,16823.4,0,under budget by 93.4pp
606,1786987003.993919,friend,5-hour,3.0,16.0,19.0,18755382.0,0.0,31999441.0,24.2,0,under budget by 12.0pp
607,1786987905.44168,friend,monthly,4.0,0.1,4.1,6362400.0,0.0,5457201.0,16829.4,0,under budget by 93.4pp
608,1786987905.44168,friend,5-hour,9.0,36.1,45.1,6362400.0,0.0,5457201.0,10.1,0,under budget by 11.0pp
609,1786988807.1563609,friend,monthly,4.0,0.1,4.1,11046680.0,0.0,5457201.0,16835.4,0,under budget by 93.4pp
610,1786988807.1563609,friend,5-hour,13.0,31.2,44.2,11046680.0,0.0,5457201.0,8.4,0,under budget by 12.0pp
611,1786989708.5301046,friend,monthly,4.0,0.1,4.1,12330365.0,0.0,5145099.0,16841.4,0,under budget by 93.5pp
612,1786989708.5301046,friend,5-hour,21.0,42.0,63.0,12330365.0,0.0,5145099.0,5.6,0,under budget by 9.0pp
613,1786990610.6724982,friend,monthly,4.0,0.1,4.1,17135037.0,0.0,5145099.0,16847.5,0,under budget by 93.5pp
614,1786990610.6724982,friend,5-hour,29.0,49.7,78.7,17135037.0,0.0,5145099.0,4.3,0,under budget by 6.0pp
615,1786991512.5660076,friend,monthly,4.0,0.1,4.1,21938682.0,0.0,9268941.0,16853.5,0,under budget by 93.5pp
616,1786991512.5660076,friend,5-hour,33.0,33.0,66.0,21938682.0,0.0,9268941.0,4.1,0,under budget by 7.0pp
617,1786992413.3433528,friend,monthly,4.0,0.1,4.1,22363676.0,0.0,9268941.0,16859.5,0,under budget by 93.6pp
618,1786992413.3433528,friend,5-hour,37.0,32.9,69.9,22363676.0,0.0,9268941.0,3.8,0,under budget by 8.0pp
619,1786993314.7362635,friend,monthly,4.0,0.1,4.1,20486285.0,0.0,9222480.0,16865.5,0,under budget by 93.6pp
620,1786993314.7362635,friend,5-hour,43.0,34.4,77.4,20486285.0,0.0,9222480.0,3.3,0,under budget by 7.0pp
621,1786994216.4619308,friend,monthly,4.0,0.1,4.1,23344371.0,0.0,9268941.0,16871.5,0,under budget by 93.6pp
622,1786994216.4619308,friend,5-hour,51.0,37.1,88.1,23344371.0,0.0,9268941.0,2.6,0,under budget by 4.0pp
623,1786995118.4105027,friend,monthly,4.0,0.1,4.1,23744679.0,0.0,5630109.0,16877.5,0,under budget by 93.7pp
624,1786995118.4105027,friend,5-hour,58.0,19.3,77.3,23744679.0,0.0,5630109.0,2.2,0,under budget by 2.0pp
625,1786996019.709923,friend,monthly,4.0,0.1,4.1,23834517.0,0.0,5630109.0,16883.5,0,under budget by 93.7pp
626,1786996019.709923,friend,5-hour,66.0,20.3,86.3,23834517.0,0.0,5630109.0,1.7,0,under budget by 1.0pp
627,1786996920.865677,friend,monthly,4.0,0.1,4.1,331121.0,0.0,7553584.0,16889.5,0,under budget by 93.7pp
628,1786996920.865677,friend,5-hour,71.0,20.3,91.3,331121.0,0.0,7553584.0,1.4,0,under budget by 0.9pp
629,1786997822.228684,friend,monthly,4.0,0.1,4.1,21902727.0,0.0,5601888.0,16895.5,0,under budget by 93.8pp
630,1786997822.228684,friend,5-hour,76.0,20.2,96.2,21902727.0,0.0,5601888.0,1.2,0,under budget by 0.9pp
631,1786998724.5689557,friend,monthly,4.0,0.1,4.1,21945329.0,0.0,6181060.0,16901.6,0,under budget by 93.8pp
632,1786998724.5689557,friend,5-hour,79.0,0.0,79.0,21945329.0,0.0,6181060.0,1.1,0,under budget by 1.1pp
633,1786999627.2073932,friend,monthly,4.0,0.1,4.1,21952776.0,0.0,6181060.0,16907.6,0,under budget by 93.8pp
634,1786999627.2073932,friend,5-hour,82.0,0.0,82.0,21952776.0,0.0,6181060.0,0.9,0,under budget by 3.1pp
635,1787000528.609183,friend,monthly,4.0,0.1,4.1,21952776.0,0.0,6181060.0,16913.6,0,under budget by 93.9pp
636,1787000528.609183,friend,5-hour,84.0,0.0,84.0,21952776.0,0.0,6181060.0,0.9,0,under budget by 6.1pp
637,1787001429.7820454,friend,monthly,4.0,0.1,4.1,19963823.0,0.0,6155465.0,16919.6,0,under budget by 93.9pp
638,1787001429.7820454,friend,5-hour,87.0,0.0,87.0,19963823.0,0.0,6155465.0,0.7,0,under budget by 8.1pp
639,1787002331.8991,friend,monthly,4.0,0.1,4.1,13278366.0,0.0,4425140.0,16925.6,0,under budget by 93.9pp
640,1787002331.8991,friend,5-hour,90.0,0.0,90.0,13278366.0,0.0,4425140.0,0.6,0,under budget by 10.0pp
641,1787003232.9881,friend,monthly,4.0,0.1,4.1,13952814.0,0.0,4425140.0,16931.6,0,under budget by 94.0pp
642,1787003232.9881,friend,5-hour,2.0,31.3,33.3,13952814.0,0.0,4425140.0,12.5,0,under budget by 3.1pp
643,1787004134.390507,friend,monthly,4.0,0.1,4.1,12614868.0,0.0,4379753.0,16937.6,0,under budget by 94.0pp
644,1787004134.390507,friend,5-hour,3.0,23.7,26.7,12614868.0,0.0,4379753.0,16.4,0,under budget by 7.1pp
645,1787005035.498802,friend,monthly,4.0,0.1,4.1,12614868.0,0.0,4379753.0,16943.6,0,under budget by 94.1pp
646,1787005035.498802,friend,5-hour,5.0,26.4,31.4,12614868.0,0.0,4379753.0,14.4,0,under budget by 10.1pp
647,1787005937.05744,friend,monthly,4.0,0.1,4.1,12645422.0,0.0,4310753.0,16949.6,0,under budget by 94.1pp
648,1787005937.05744,friend,5-hour,5.0,14.9,19.9,12645422.0,0.0,4310753.0,19.1,0,under budget by 15.1pp
649,1787006838.1508713,friend,monthly,4.0,0.1,4.1,13190086.0,0.0,4310753.0,16955.6,0,under budget by 94.1pp
650,1787006838.1508713,friend,5-hour,7.0,16.7,23.7,13190086.0,0.0,4310753.0,16.7,0,under budget by 18.1pp
651,1787007739.5840824,friend,monthly,4.0,0.1,4.1,12105963.0,0.0,4276943.0,16961.7,0,under budget by 94.2pp
652,1787007739.5840824,friend,5-hour,9.0,17.9,26.9,12105963.0,0.0,4276943.0,15.2,0,under budget by 21.1pp
653,1787008640.9382825,friend,monthly,4.0,0.1,4.1,12366914.0,0.0,4276943.0,16967.7,0,under budget by 94.2pp
654,1787008640.9382825,friend,5-hour,10.0,17.1,27.1,12366914.0,0.0,4276943.0,15.8,0,under budget by 25.2pp
655,1787009542.158198,friend,monthly,4.0,0.1,4.1,18378612.0,0.0,6382611.0,16973.7,0,under budget by 94.2pp
656,1787009542.158198,friend,5-hour,10.0,10.0,20.0,18378612.0,0.0,6382611.0,18.1,0,under budget by 30.2pp
657,1787010443.4369967,friend,monthly,4.0,0.1,4.1,17841772.0,0.0,6382611.0,16979.7,0,under budget by 94.3pp
658,1787010443.4369967,friend,5-hour,11.0,9.7,20.7,17841772.0,0.0,6382611.0,18.3,0,under budget by 34.2pp
659,1787011344.6613595,friend,monthly,4.0,0.1,4.1,18774310.0,0.0,6401579.0,16985.7,0,under budget by 94.3pp
660,1787011344.6613595,friend,5-hour,12.0,9.6,21.6,18774310.0,0.0,6401579.0,18.4,0,under budget by 38.2pp
661,1787012245.6747582,friend,monthly,4.0,0.1,4.1,18457033.0,0.0,6401579.0,16991.7,0,under budget by 94.3pp
662,1787012245.6747582,friend,5-hour,13.0,9.4,22.4,18457033.0,0.0,6401579.0,18.5,0,under budget by 42.2pp
663,1787013147.3577857,friend,monthly,4.0,0.1,4.1,4569913.0,0.0,4249497.0,16997.7,0,under budget by 94.4pp
664,1787013147.3577857,friend,5-hour,14.0,4.7,18.7,4569913.0,0.0,4249497.0,18.5,0,under budget by 46.2pp
665,1787014048.2664058,friend,monthly,4.0,0.1,4.1,4580223.0,0.0,4249497.0,17003.7,0,under budget by 94.4pp
666,1787014048.2664058,friend,5-hour,15.0,4.6,19.6,4580223.0,0.0,4249497.0,18.5,0,under budget by 50.2pp
667,1787014949.758709,friend,monthly,4.0,0.1,4.1,4580223.0,0.0,4249497.0,17009.7,0,under budget by 94.4pp
668,1787014949.758709,friend,5-hour,16.0,4.6,20.6,4580223.0,0.0,4249497.0,18.4,0,under budget by 54.2pp
669,1787015850.7357624,friend,monthly,4.0,0.1,4.1,4580223.0,0.0,4249497.0,17015.7,0,under budget by 94.5pp
670,1787015850.7357624,friend,5-hour,16.0,4.3,20.3,4580223.0,0.0,4249497.0,19.7,0,under budget by 59.2pp
671,1787016752.1614006,friend,monthly,4.0,0.1,4.1,13535409.0,0.0,25162448.0,17021.7,0,under budget by 94.5pp
672,1787016752.1614006,friend,5-hour,17.0,0.0,17.0,13535409.0,0.0,25162448.0,19.6,0,under budget by 63.2pp
673,1787017653.412265,friend,monthly,4.0,0.1,4.1,13075727.0,0.0,25162448.0,17027.7,0,under budget by 94.5pp
674,1787017653.412265,friend,5-hour,18.0,0.0,18.0,13075727.0,0.0,25162448.0,19.4,0,under budget by 67.2pp
675,1787018554.5236592,friend,monthly,4.0,0.1,4.1,13430078.0,0.0,25237225.0,17033.8,0,under budget by 94.6pp
676,1787018554.5236592,friend,5-hour,19.0,0.0,19.0,13430078.0,0.0,25237225.0,19.2,0,under budget by 71.2pp
677,1787019455.9152203,friend,monthly,4.0,0.1,4.1,12736560.0,0.0,25237225.0,17039.8,0,under budget by 94.6pp
678,1787019455.9152203,friend,5-hour,19.0,0.0,19.0,12736560.0,0.0,25237225.0,20.3,0,under budget by 76.2pp
679,1787020357.247342,friend,monthly,4.0,0.1,4.1,12080421.0,0.0,22698105.0,17045.8,0,under budget by 94.6pp
680,1787020357.247342,friend,5-hour,20.0,0.0,20.0,12080421.0,0.0,22698105.0,20.0,0,under budget by 80.0pp
681,1787021258.3675327,friend,monthly,4.0,0.1,4.1,11224798.0,0.0,22698105.0,17051.8,0,under budget by 94.7pp
682,1787021258.3675327,friend,5-hour,1.0,15.5,16.5,11224798.0,0.0,22698105.0,25.6,0,under budget by 4.2pp
683,1787022159.6765654,friend,monthly,4.0,0.1,4.1,11481871.0,0.0,22777330.0,17057.8,0,under budget by 94.7pp
684,1787022159.6765654,friend,5-hour,1.0,7.9,8.9,11481871.0,0.0,22777330.0,50.4,0,under budget by 9.2pp
685,1787023060.8250084,friend,monthly,4.0,0.1,4.1,9964173.0,0.0,22777330.0,17063.8,0,under budget by 94.7pp
686,1787023060.8250084,friend,5-hour,1.0,5.3,6.3,9964173.0,0.0,22777330.0,75.2,0,under budget by 14.2pp
687,1787023962.3343198,friend,monthly,4.0,0.0,4.0,3851887.0,0.0,3569671.0,17069.8,0,under budget by 94.8pp
688,1787023962.3343198,friend,5-hour,1.0,3.0,4.0,3851887.0,0.0,3569671.0,99.9,0,under budget by 19.2pp
689,1787024863.8562744,friend,monthly,4.0,0.0,4.0,3301617.0,0.0,3533058.0,17075.8,0,under budget by 94.8pp
690,1787024863.8562744,friend,5-hour,1.0,2.4,3.4,3301617.0,0.0,3533058.0,124.7,0,under budget by 24.2pp
691,1787025765.3255405,friend,monthly,4.0,0.0,4.0,3305195.0,0.0,3533058.0,17081.8,0,under budget by 94.9pp
692,1787025765.3255405,friend,5-hour,2.0,4.0,6.0,3305195.0,0.0,3533058.0,74.0,0,under budget by 28.2pp
693,1787026666.3577561,friend,monthly,4.0,0.0,4.0,3305195.0,0.0,3533058.0,17087.8,0,under budget by 94.9pp
694,1787026666.3577561,friend,5-hour,2.0,3.4,5.4,3305195.0,0.0,3533058.0,86.3,0,under budget by 33.2pp
695,1787027567.902327,friend,monthly,4.0,0.0,4.0,2915505.0,0.0,3453457.0,17093.8,0,under budget by 94.9pp
696,1787027567.902327,friend,5-hour,2.0,2.0,4.0,2915505.0,0.0,3453457.0,98.5,0,under budget by 38.2pp
697,1787028469.1880722,friend,monthly,4.0,0.0,4.0,2929784.0,0.0,3453457.0,17099.8,0,under budget by 95.0pp
698,1787028469.1880722,friend,5-hour,2.0,1.8,3.8,2929784.0,0.0,3453457.0,110.8,0,under budget by 43.2pp
699,1787029370.570506,friend,monthly,4.0,0.0,4.0,2929784.0,0.0,3453457.0,17105.9,0,under budget by 95.0pp
700,1787029370.570506,friend,5-hour,2.0,1.6,3.6,2929784.0,0.0,3453457.0,123.1,0,under budget by 48.2pp
701,1787030271.7820046,friend,monthly,4.0,0.0,4.0,2929784.0,0.0,3453457.0,17111.9,0,under budget by 95.0pp
702,1787030271.7820046,friend,5-hour,2.0,1.4,3.4,2929784.0,0.0,3453457.0,135.3,0,under budget by 53.2pp
703,1787031173.0251133,friend,monthly,4.0,0.0,4.0,2623623.0,0.0,3179380.0,17117.9,0,under budget by 95.1pp
704,1787031173.0251133,friend,5-hour,2.0,0.7,2.7,2623623.0,0.0,3179380.0,147.6,0,under budget by 58.3pp
705,1787032074.168699,friend,monthly,4.0,0.0,4.0,2623623.0,0.0,3179380.0,17123.9,0,under budget by 95.1pp
706,1787032074.168699,friend,5-hour,6.0,1.8,7.8,2623623.0,0.0,3179380.0,51.1,0,under budget by 59.3pp
707,1787032975.296601,friend,monthly,4.0,0.0,4.0,2623623.0,0.0,3179380.0,17129.9,0,under budget by 95.1pp
708,1787032975.296601,friend,5-hour,12.0,3.4,15.4,2623623.0,0.0,3179380.0,25.8,0,under budget by 58.3pp
709,1787033876.5905023,friend,monthly,4.0,0.0,4.0,4378428.0,0.0,3150344.0,17135.9,0,under budget by 95.2pp
710,1787033876.5905023,friend,5-hour,27.0,7.2,34.2,4378428.0,0.0,3150344.0,10.2,0,under budget by 48.3pp
711,1787034778.334026,friend,monthly,4.0,0.0,4.0,2623623.0,0.0,1465010.0,17141.9,0,under budget by 95.2pp
712,1787034778.334026,friend,5-hour,45.0,0.0,45.0,2623623.0,0.0,1465010.0,4.9,0,under budget by 35.3pp
713,1787035679.3311164,friend,monthly,5.0,0.0,5.0,2361261.0,0.0,1457666.0,13575.4,0,under budget by 94.2pp
714,1787035679.3311164,friend,5-hour,59.0,0.0,59.0,2361261.0,0.0,1457666.0,3.0,0,under budget by 26.3pp
715,1787036580.5132694,friend,monthly,5.0,0.0,5.0,2361261.0,0.0,1457666.0,13580.2,0,under budget by 94.3pp
716,1787036580.5132694,friend,5-hour,69.0,0.0,69.0,2361261.0,0.0,1457666.0,2.0,0,under budget by 21.3pp
717,1787037481.7137868,friend,monthly,5.0,0.0,5.0,2729437.0,0.0,1451630.0,13584.9,0,under budget by 94.3pp
718,1787037481.7137868,friend,5-hour,80.0,0.0,80.0,2729437.0,0.0,1451630.0,1.2,0,under budget by 15.3pp
719,1787038383.6637068,friend,monthly,5.0,0.0,5.0,622887.0,0.0,1066449.0,13589.7,0,under budget by 94.3pp
720,1787038383.6637068,friend,5-hour,91.0,0.0,91.0,622887.0,0.0,1066449.0,0.5,0,under budget by 9.0pp
721,1787039285.8666327,friend,monthly,5.0,0.0,5.0,545026.0,0.0,1058085.0,13594.5,0,under budget by 94.4pp
722,1787039285.8666327,friend,5-hour,11.0,167.1,178.1,545026.0,0.0,1058085.0,2.1,1,under budget by 5.7pp
723,1787040187.427221,friend,monthly,5.0,0.0,5.0,545026.0,0.0,1058085.0,13599.2,0,under budget by 94.4pp
724,1787040187.427221,friend,5-hour,23.0,179.1,202.1,545026.0,0.0,1058085.0,1.7,1,OVER budget by 12.7pp
725,1787041088.3595095,friend,monthly,5.0,0.0,5.0,545026.0,0.0,1058085.0,13604.0,0,under budget by 94.4pp
726,1787041088.3595095,friend,5-hour,34.0,178.0,212.0,545026.0,0.0,1058085.0,1.5,1,OVER budget by 18.7pp
727,1787041989.802656,friend,monthly,5.0,0.0,5.0,2093198.0,0.0,1720111.0,13608.7,0,under budget by 94.5pp
728,1787041989.802656,friend,5-hour,47.0,139.0,186.0,2093198.0,0.0,1720111.0,1.1,1,OVER budget by 26.7pp
729,1787042891.1865435,friend,monthly,5.0,0.0,5.0,2093198.0,0.0,1720111.0,13613.5,0,under budget by 94.5pp
730,1787042891.1865435,friend,5-hour,56.0,132.8,188.8,2093198.0,0.0,1720111.0,1.0,1,OVER budget by 30.7pp
731,1787043792.5799985,friend,monthly,5.0,0.0,5.0,2093198.0,0.0,1720111.0,13618.3,0,under budget by 94.5pp
732,1787043792.5799985,friend,5-hour,68.0,134.6,202.6,2093198.0,0.0,1720111.0,0.7,1,OVER budget by 37.7pp
733,1787044693.6301765,friend,monthly,5.0,0.0,5.0,2085769.0,0.0,1720111.0,13623.0,0,under budget by 94.6pp
734,1787044693.6301765,friend,5-hour,81.0,137.6,218.6,2085769.0,0.0,1720111.0,0.4,1,OVER budget by 45.7pp
735,1787045594.757656,friend,monthly,5.0,0.0,5.0,174427.0,0.0,1135137.0,13627.8,0,under budget by 94.6pp
736,1787045594.757656,friend,5-hour,94.0,93.3,187.3,174427.0,0.0,1135137.0,0.1,1,OVER budget by 53.7pp
737,1787046496.1811547,friend,monthly,5.0,0.0,5.0,1636852.0,0.0,1113650.0,13632.5,0,under budget by 94.7pp
738,1787046496.1811547,friend,5-hour,100.0,88.3,188.3,1636852.0,0.0,1113650.0,0.0,1,OVER budget by 54.7pp
739,1787047397.483032,friend,monthly,5.0,0.0,5.0,1348195.0,0.0,1119260.0,13637.3,0,under budget by 94.7pp
740,1787047397.483032,friend,5-hour,100.0,79.5,179.5,1348195.0,0.0,1119260.0,0.0,1,OVER budget by 49.7pp
741,1787048298.5534866,friend,monthly,5.0,0.0,5.0,1348195.0,0.0,1119260.0,13642.0,0,under budget by 94.7pp
742,1787048298.5534866,friend,5-hour,100.0,72.3,172.3,1348195.0,0.0,1119260.0,0.0,1,OVER budget by 44.7pp
743,1787049200.0372493,friend,monthly,5.0,0.0,5.0,174427.0,0.0,855663.0,13646.8,0,under budget by 94.8pp
744,1787049200.0372493,friend,5-hour,100.0,33.1,133.1,174427.0,0.0,855663.0,0.0,1,OVER budget by 39.7pp
745,1787050101.242703,friend,monthly,5.0,0.0,5.0,816577.0,0.0,843695.0,13651.5,0,under budget by 94.8pp
746,1787050101.242703,friend,5-hour,100.0,30.6,130.6,816577.0,0.0,843695.0,0.0,1,OVER budget by 34.6pp
747,1787051002.7248132,friend,monthly,5.0,0.0,5.0,382920.0,0.0,848952.0,13656.3,0,under budget by 94.8pp
748,1787051002.7248132,friend,5-hour,100.0,28.4,128.4,382920.0,0.0,848952.0,0.0,1,OVER budget by 29.6pp
749,1787051903.9823542,friend,monthly,5.0,0.0,5.0,187814.0,0.0,848952.0,13661.1,0,under budget by 94.9pp
750,1787051903.9823542,friend,5-hour,100.0,26.5,126.5,187814.0,0.0,848952.0,0.0,1,OVER budget by 24.6pp
751,1787052805.240865,friend,monthly,5.0,0.0,5.0,100258.0,0.0,61237.0,13665.8,0,under budget by 94.9pp
752,1787052805.240865,friend,5-hour,100.0,0.0,100.0,100258.0,0.0,61237.0,0.0,1,OVER budget by 19.6pp
753,1787053706.465242,friend,monthly,5.0,0.0,5.0,100258.0,0.0,61237.0,13670.6,0,under budget by 94.9pp
754,1787053706.465242,friend,5-hour,100.0,0.0,100.0,100258.0,0.0,61237.0,0.0,1,OVER budget by 14.6pp
755,1787054607.705731,friend,monthly,5.0,0.0,5.0,100258.0,0.0,61237.0,13675.3,0,under budget by 95.0pp
756,1787054607.705731,friend,5-hour,100.0,0.0,100.0,100258.0,0.0,61237.0,0.0,1,under budget by 9.6pp
757,1787055508.9968667,friend,monthly,5.0,0.0,5.0,100258.0,0.0,61237.0,13680.0,0,under budget by 95.0pp
758,1787055508.9968667,friend,5-hour,100.0,0.0,100.0,100258.0,0.0,61237.0,0.0,1,under budget by 4.6pp
759,1787056410.702634,friend,monthly,0.0,103.2,103.2,111898.0,0.0,258022.0,720.0,1,under budget by 0.0pp
760,1787056410.702634,friend,5-hour,0.0,0.0,0.0,111898.0,0.0,258022.0,5.0,0,under budget by 100.0pp
761,1787057312.1364977,friend,monthly,0.0,103.2,103.2,4800201.0,0.0,341331.0,720.0,1,under budget by 0.0pp
762,1787057312.1364977,friend,5-hour,3.0,46.1,49.1,4800201.0,0.0,341331.0,8.4,0,under budget by 2.2pp
763,1787058213.1992738,friend,monthly,1.0,103.2,104.2,476421.0,0.0,341331.0,712.8,1,under budget by 1.0pp
764,1787058213.1992738,friend,5-hour,6.0,47.0,53.0,476421.0,0.0,341331.0,8.0,0,under budget by 4.2pp
765,1787059114.1910303,friend,monthly,1.0,103.1,104.1,2218149.0,0.0,341331.0,712.8,1,under budget by 1.0pp
766,1787059114.1910303,friend,5-hour,8.0,42.1,50.1,2218149.0,0.0,341331.0,8.7,0,under budget by 7.2pp
767,1787060015.2355762,friend,monthly,1.0,103.1,104.1,1470257.0,0.0,6198365.0,712.8,1,under budget by 1.0pp
768,1787060015.2355762,friend,5-hour,11.0,32.6,43.6,1470257.0,0.0,6198365.0,8.2,0,under budget by 9.2pp
769,1787060916.818539,friend,monthly,1.0,103.1,104.1,1992809.0,0.0,6247365.0,712.8,1,under budget by 1.0pp
770,1787060916.818539,friend,5-hour,13.0,30.9,43.9,1992809.0,0.0,6247365.0,8.4,0,under budget by 12.2pp
771,1787061818.056568,friend,monthly,1.0,103.1,104.1,2019697.0,0.0,6198365.0,712.8,1,under budget by 1.0pp
772,1787061818.056568,friend,5-hour,15.0,29.8,44.8,2019697.0,0.0,6198365.0,8.6,0,under budget by 15.2pp
773,1787062719.3372488,friend,monthly,1.0,102.9,103.9,2107012.0,0.0,6198365.0,712.8,1,under budget by 1.0pp
774,1787062719.3372488,friend,5-hour,18.0,30.6,48.6,2107012.0,0.0,6198365.0,8.0,0,under budget by 17.2pp
775,1787063620.9337249,friend,monthly,1.0,102.9,103.9,2197696.0,0.0,1499150.0,712.8,1,under budget by 1.0pp
776,1787063620.9337249,friend,5-hour,22.0,21.9,43.9,2197696.0,0.0,1499150.0,7.1,0,under budget by 18.2pp
777,1787064521.9878886,friend,monthly,1.0,102.9,103.9,5774392.0,0.0,1224051.0,712.8,1,under budget by 1.0pp
778,1787064521.9878886,friend,5-hour,25.0,22.1,47.1,5774392.0,0.0,1224051.0,6.8,0,under budget by 20.3pp
779,1787065423.3526742,friend,monthly,1.0,102.9,103.9,137271.0,0.0,1499150.0,712.8,1,under budget by 1.0pp
780,1787065423.3526742,friend,5-hour,28.0,22.3,50.3,137271.0,0.0,1499150.0,6.5,0,under budget by 22.3pp
781,1787066324.6145587,friend,monthly,1.0,102.8,103.8,277690.0,0.0,1499150.0,712.8,1,under budget by 1.0pp
782,1787066324.6145587,friend,5-hour,31.0,22.4,53.4,277690.0,0.0,1499150.0,6.2,0,under budget by 24.3pp
783,1787067225.6070964,friend,monthly,1.0,102.8,103.8,974154.0,0.0,1418611.0,712.8,1,under budget by 1.0pp
784,1787067225.6070964,friend,5-hour,33.0,10.9,43.9,974154.0,0.0,1418611.0,6.1,0,under budget by 27.3pp
785,1787068127.1305795,friend,monthly,1.0,102.8,103.8,5649406.0,0.0,1121511.0,712.8,1,under budget by 1.0pp
786,1787068127.1305795,friend,5-hour,38.0,11.6,49.6,5649406.0,0.0,1121511.0,5.3,0,under budget by 27.3pp
787,1787069028.4425244,friend,monthly,1.0,102.8,103.8,1004210.0,0.0,1418611.0,712.8,1,under budget by 1.0pp
788,1787069028.4425244,friend,5-hour,41.0,11.7,52.7,1004210.0,0.0,1418611.0,5.1,0,under budget by 29.3pp
789,1787069930.217831,friend,monthly,1.0,102.6,103.6,6663074.0,0.0,1098851.0,712.8,1,under budget by 1.0pp
790,1787069930.217831,friend,5-hour,46.0,12.2,58.2,6663074.0,0.0,1098851.0,4.4,0,under budget by 29.3pp
791,1787070833.9831004,friend,monthly,1.0,102.6,103.6,6757884.0,0.0,1399403.0,712.8,1,under budget by 1.0pp
792,1787070833.9831004,friend,5-hour,50.0,0.0,50.0,6757884.0,0.0,1399403.0,4.0,0,under budget by 30.3pp
793,1787071739.5227442,friend,monthly,1.0,102.6,103.6,7728903.0,0.0,1399403.0,712.8,1,under budget by 1.0pp
794,1787071739.5227442,friend,5-hour,53.0,0.0,53.0,7728903.0,0.0,1399403.0,3.8,0,under budget by 32.4pp
795,1787072643.4078646,friend,monthly,1.0,102.6,103.6,438714.0,0.0,1806622.0,712.8,1,under budget by 1.0pp
796,1787072643.4078646,friend,5-hour,56.0,0.0,56.0,438714.0,0.0,1806622.0,3.6,0,under budget by 34.4pp
797,1787073545.3113008,friend,monthly,1.0,102.5,103.5,3696112.0,0.0,1806622.0,712.8,1,under budget by 1.0pp
798,1787073545.3113008,friend,5-hour,61.0,0.0,61.0,3696112.0,0.0,1806622.0,3.0,0,under budget by 34.4pp
799,1787074447.8361928,friend,monthly,1.0,102.5,103.5,6337574.0,0.0,10499694.0,712.8,1,under budget by 1.0pp
800,1787074447.8361928,friend,5-hour,64.0,0.0,64.0,6337574.0,0.0,10499694.0,2.8,0,under budget by 36.0pp
801,1787075349.0152922,friend,monthly,1.0,102.5,103.5,6379434.0,0.0,10499694.0,712.8,1,under budget by 1.0pp
802,1787075349.0152922,friend,5-hour,1.0,14.9,15.9,6379434.0,0.0,10499694.0,26.6,0,under budget by 4.4pp
803,1787076250.5534537,friend,monthly,1.0,102.5,103.5,6379434.0,0.0,10499694.0,712.8,1,under budget by 1.0pp
804,1787076250.5534537,friend,5-hour,4.0,30.8,34.8,6379434.0,0.0,10499694.0,12.5,0,under budget by 6.4pp
805,1787077151.4736917,friend,monthly,1.0,102.4,103.4,6379434.0,0.0,10499694.0,712.8,1,under budget by 1.0pp
806,1787077151.4736917,friend,5-hour,6.0,31.2,37.2,6379434.0,0.0,10499694.0,12.1,0,under budget by 9.4pp
807,1787078052.9061112,friend,monthly,1.0,102.4,103.4,252362.0,0.0,2280107.0,712.8,1,under budget by 1.0pp
808,1787078052.9061112,friend,5-hour,9.0,26.5,35.5,252362.0,0.0,2280107.0,10.3,0,under budget by 11.4pp
809,1787078954.1299837,friend,monthly,1.0,102.4,103.4,252362.0,0.0,2280107.0,712.8,1,under budget by 1.0pp
810,1787078954.1299837,friend,5-hour,12.0,28.3,40.3,252362.0,0.0,2280107.0,9.3,0,under budget by 13.4pp
811,1787079855.5133486,friend,monthly,1.0,102.4,103.4,252362.0,0.0,2280107.0,712.8,1,under budget by 1.0pp
812,1787079855.5133486,friend,5-hour,15.0,29.6,44.6,252362.0,0.0,2280107.0,8.6,0,under budget by 15.4pp
813,1787080756.6766496,friend,monthly,1.0,102.2,103.2,252362.0,0.0,2280107.0,712.8,1,under budget by 1.0pp
814,1787080756.6766496,friend,5-hour,19.0,32.2,51.2,252362.0,0.0,2280107.0,7.6,0,under budget by 16.4pp
815,1787081658.040444,friend,monthly,1.0,102.2,103.2,252362.0,0.0,2213088.0,712.8,1,under budget by 1.0pp
816,1787081658.040444,friend,5-hour,24.0,23.7,47.7,252362.0,0.0,2213088.0,6.4,0,under budget by 16.4pp
817,1787082559.2896812,friend,monthly,1.0,102.2,103.2,252362.0,0.0,2213088.0,712.8,1,under budget by 1.0pp
818,1787082559.2896812,friend,5-hour,27.0,23.8,50.8,252362.0,0.0,2213088.0,6.1,0,under budget by 18.4pp
819,1787083460.7604828,friend,monthly,1.0,102.2,103.2,252362.0,0.0,2213088.0,712.8,1,under budget by 1.0pp
820,1787083460.7604828,friend,5-hour,30.0,23.8,53.8,252362.0,0.0,2213088.0,5.9,0,under budget by 20.4pp
821,1787084361.567181,friend,monthly,1.0,102.1,103.1,252362.0,0.0,2213088.0,712.8,1,under budget by 1.0pp
822,1787084361.567181,friend,5-hour,34.0,24.5,58.5,252362.0,0.0,2213088.0,5.4,0,under budget by 21.5pp
823,1787085264.4199708,friend,monthly,1.0,102.1,103.1,169180.0,0.0,1910453.0,712.8,1,under budget by 1.0pp
824,1787085264.4199708,friend,5-hour,36.0,11.9,47.9,169180.0,0.0,1910453.0,5.4,0,under budget by 24.5pp
825,1787086166.5529613,friend,monthly,1.0,102.1,103.1,169180.0,0.0,1910453.0,712.8,1,under budget by 1.0pp
826,1787086166.5529613,friend,5-hour,37.0,11.3,48.3,169180.0,0.0,1910453.0,5.6,0,under budget by 28.5pp
827,1787087068.0019352,friend,monthly,1.0,102.1,103.1,169180.0,0.0,1910453.0,712.8,1,under budget by 1.0pp
828,1787087068.0019352,friend,5-hour,38.0,10.8,48.8,169180.0,0.0,1910453.0,5.8,0,under budget by 32.5pp
829,1787087969.066491,friend,monthly,1.0,101.9,102.9,169180.0,0.0,1910453.0,712.8,1,under budget by 1.0pp
830,1787087969.066491,friend,5-hour,39.0,10.3,49.3,169180.0,0.0,1910453.0,5.9,0,under budget by 36.5pp
831,1787088870.6199691,friend,monthly,1.0,101.9,102.9,172561.0,0.0,1848257.0,712.8,1,under budget by 1.0pp
832,1787088870.6199691,friend,5-hour,40.0,0.0,40.0,172561.0,0.0,1848257.0,6.0,0,under budget by 40.5pp
833,1787089773.9082372,friend,monthly,1.0,101.9,102.9,172561.0,0.0,1848257.0,712.8,1,under budget by 1.0pp
834,1787089773.9082372,friend,5-hour,43.0,0.0,43.0,172561.0,0.0,1848257.0,5.7,0,under budget by 42.5pp
835,1787090675.2225337,friend,monthly,1.0,101.9,102.9,331264.0,0.0,1789567.0,712.8,1,under budget by 1.0pp
836,1787090675.2225337,friend,5-hour,49.0,0.0,49.0,331264.0,0.0,1789567.0,4.7,0,under budget by 41.5pp
837,1787091576.381654,friend,monthly,1.0,101.8,102.8,2002432.0,0.0,1789567.0,712.8,1,under budget by 1.0pp
838,1787091576.381654,friend,5-hour,57.0,0.0,57.0,2002432.0,0.0,1789567.0,3.6,0,under budget by 38.5pp
839,1787092478.070151,friend,monthly,1.0,101.8,102.8,8237982.0,0.0,2149825.0,712.8,1,under budget by 1.0pp
840,1787092478.070151,friend,5-hour,64.0,0.0,64.0,8237982.0,0.0,2149825.0,2.8,0,under budget by 36.0pp
841,1787093379.086228,friend,monthly,1.0,101.8,102.8,8338083.0,0.0,2149825.0,712.8,1,under budget by 1.0pp
842,1787093379.086228,friend,5-hour,5.0,72.1,77.1,8338083.0,0.0,2149825.0,5.3,0,under budget by 0.5pp
843,1787094280.6010795,friend,monthly,1.0,101.8,102.8,8338083.0,0.0,2149825.0,712.8,1,under budget by 1.0pp
844,1787094280.6010795,friend,5-hour,10.0,75.8,85.8,8338083.0,0.0,2149825.0,4.7,0,under budget by 0.6pp
845,1787095181.7239122,friend,monthly,1.0,101.7,102.7,8338083.0,0.0,2149825.0,712.8,1,under budget by 1.0pp
846,1787095181.7239122,friend,5-hour,13.0,66.8,79.8,8338083.0,0.0,2149825.0,5.2,0,under budget by 2.6pp
847,1787096083.446551,friend,monthly,1.0,101.7,102.7,4183902.0,0.0,1866280.0,712.8,1,under budget by 1.0pp
848,1787096083.446551,friend,5-hour,13.0,37.9,50.9,4183902.0,0.0,1866280.0,6.9,0,under budget by 7.6pp
849,1787096984.6864657,friend,monthly,1.0,101.7,102.7,4231962.0,0.0,1866280.0,712.8,1,under budget by 1.0pp
850,1787096984.6864657,friend,5-hour,14.0,32.8,46.8,4231962.0,0.0,1866280.0,7.9,0,under budget by 11.6pp
851,1787097886.2996967,friend,monthly,1.0,101.7,102.7,4231962.0,0.0,1866280.0,712.8,1,under budget by 1.0pp
852,1787097886.2996967,friend,5-hour,16.0,31.4,47.4,4231962.0,0.0,1866280.0,8.0,0,under budget by 14.6pp
853,1787098787.35063,friend,monthly,1.0,101.5,102.5,4231962.0,0.0,1866280.0,712.8,1,under budget by 1.0pp
854,1787098787.35063,friend,5-hour,17.0,28.7,45.7,4231962.0,0.0,1866280.0,8.7,0,under budget by 18.6pp
855,1787099688.9093719,friend,monthly,1.0,101.5,102.5,4957721.0,0.0,2562310.0,712.8,1,under budget by 1.0pp
856,1787099688.9093719,friend,5-hour,18.0,17.7,35.7,4957721.0,0.0,2562310.0,9.2,0,under budget by 22.6pp
857,1787100590.0048256,friend,monthly,1.0,101.5,102.5,4640533.0,0.0,2562310.0,712.8,1,under budget by 1.0pp
858,1787100590.0048256,friend,5-hour,19.0,16.7,35.7,4640533.0,0.0,2562310.0,9.7,0,under budget by 26.6pp
859,1787101491.5735295,friend,monthly,1.0,101.5,102.5,4700890.0,0.0,2571253.0,712.8,1,under budget by 1.0pp
860,1787101491.5735295,friend,5-hour,19.0,15.0,34.0,4700890.0,0.0,2571253.0,10.8,0,under budget by 31.6pp
861,1787102392.478917,friend,monthly,1.0,101.4,102.4,4553894.0,0.0,2571253.0,712.8,1,under budget by 1.0pp
862,1787102392.478917,friend,5-hour,20.0,14.4,34.4,4553894.0,0.0,2571253.0,11.1,0,under budget by 35.6pp
863,1787103294.1587796,friend,monthly,1.0,101.4,102.4,2232034.0,0.0,1743310.0,712.8,1,under budget by 1.0pp
864,1787103294.1587796,friend,5-hour,20.0,6.6,26.6,2232034.0,0.0,1743310.0,12.1,0,under budget by 40.6pp
865,1787104195.29817,friend,monthly,1.0,101.4,102.4,2259232.0,0.0,1743310.0,712.8,1,under budget by 1.0pp
866,1787104195.29817,friend,5-hour,21.0,6.4,27.4,2259232.0,0.0,1743310.0,12.3,0,under budget by 44.6pp
867,1787105096.960204,friend,monthly,1.0,101.4,102.4,2259232.0,0.0,1743310.0,712.8,1,under budget by 1.0pp
868,1787105096.960204,friend,5-hour,21.0,5.9,26.9,2259232.0,0.0,1743310.0,13.3,0,under budget by 49.6pp
869,1787105998.0106606,friend,monthly,1.0,101.2,102.2,2259232.0,0.0,1743310.0,712.8,1,under budget by 1.0pp
870,1787105998.0106606,friend,5-hour,22.0,5.8,27.8,2259232.0,0.0,1743310.0,13.4,0,under budget by 53.7pp
871,1787106899.4271812,friend,monthly,1.0,101.2,102.2,1824123.0,0.0,1784110.0,712.8,1,under budget by 1.0pp
872,1787106899.4271812,friend,5-hour,23.0,0.0,23.0,1824123.0,0.0,1784110.0,13.5,0,under budget by 57.7pp
873,1787107800.9258852,friend,monthly,1.0,101.2,102.2,1824123.0,0.0,1784110.0,712.8,1,under budget by 1.0pp
874,1787107800.9258852,friend,5-hour,23.0,0.0,23.0,1824123.0,0.0,1784110.0,14.3,0,under budget by 62.7pp
875,1787108702.7133985,friend,monthly,1.0,101.2,102.2,1824123.0,0.0,1784110.0,712.8,1,under budget by 1.0pp
876,1787108702.7133985,friend,5-hour,24.0,0.0,24.0,1824123.0,0.0,1784110.0,14.4,0,under budget by 66.7pp
877,1787109604.1363041,friend,monthly,1.0,101.1,102.1,1824123.0,0.0,1784110.0,712.8,1,under budget by 1.0pp
878,1787109604.1363041,friend,5-hour,25.0,0.0,25.0,1824123.0,0.0,1784110.0,14.4,0,under budget by 70.7pp
879,1787110505.1232777,friend,monthly,1.0,101.1,102.1,1525946.0,0.0,1730218.0,712.8,1,under budget by 1.0pp
880,1787110505.1232777,friend,5-hour,26.0,0.0,26.0,1525946.0,0.0,1730218.0,14.2,0,under budget by 74.0pp
881,1787111406.521853,friend,monthly,1.0,101.1,102.1,1525946.0,0.0,1730218.0,712.8,1,under budget by 1.0pp
882,1787111406.521853,friend,5-hour,1.0,14.4,15.4,1525946.0,0.0,1730218.0,27.5,0,under budget by 4.6pp
883,1787112307.6526883,friend,monthly,1.0,101.1,102.1,1542553.0,0.0,1730218.0,712.8,1,under budget by 1.0pp
884,1787112307.6526883,friend,5-hour,1.0,7.6,8.6,1542553.0,0.0,1730218.0,52.3,0,under budget by 9.6pp
885,1787113209.0256724,friend,monthly,1.0,101.0,102.0,1542553.0,0.0,1730218.0,712.8,1,under budget by 1.0pp
886,1787113209.0256724,friend,5-hour,1.0,5.1,6.1,1542553.0,0.0,1730218.0,77.1,0,under budget by 14.6pp
887,1787114110.549278,friend,monthly,1.0,101.0,102.0,2271625.0,0.0,2822969.0,712.8,1,under budget by 1.0pp
888,1787114110.549278,friend,5-hour,3.0,8.7,11.7,2271625.0,0.0,2822969.0,33.3,0,under budget by 17.6pp
889,1787115011.8193834,friend,monthly,1.0,101.0,102.0,1808564.0,0.0,2822969.0,712.8,1,under budget by 1.0pp
890,1787115011.8193834,friend,5-hour,5.0,11.7,16.7,1808564.0,0.0,2822969.0,24.3,0,under budget by 20.6pp
891,1787115912.8474927,friend,monthly,1.0,101.0,102.0,1802270.0,0.0,2832822.0,712.8,1,under budget by 1.0pp
892,1787115912.8474927,friend,5-hour,6.0,11.8,17.8,1802270.0,0.0,2832822.0,24.0,0,under budget by 24.6pp
893,1787116814.429441,friend,monthly,1.0,100.8,101.8,1521923.0,0.0,2832822.0,712.8,1,under budget by 1.0pp
894,1787116814.429441,friend,5-hour,7.0,11.8,18.8,1521923.0,0.0,2832822.0,23.6,0,under budget by 28.6pp
895,1787117715.7214582,friend,monthly,1.0,100.8,101.8,193832.0,0.0,837022.0,712.8,1,under budget by 1.0pp
896,1787117715.7214582,friend,5-hour,7.0,6.9,13.9,193832.0,0.0,837022.0,27.0,0,under budget by 33.6pp
897,1787118617.0071993,friend,unknown,0.0,0.0,0.0,193832.0,0.0,837022.0,,0,under budget by 0.0pp
898,1787119518.3055983,friend,unknown,0.0,0.0,0.0,193832.0,0.0,837022.0,,0,under budget by 0.0pp
899,1787120419.8547876,friend,unknown,0.0,0.0,0.0,193832.0,0.0,837022.0,,0,under budget by 0.0pp
900,1787121321.316753,friend,unknown,0.0,0.0,0.0,193832.0,0.0,927347.0,,0,under budget by 0.0pp
901,1787122222.4321973,friend,unknown,0.0,0.0,0.0,193832.0,0.0,927347.0,,0,under budget by 0.0pp
902,1787123123.5569596,friend,unknown,0.0,0.0,0.0,193832.0,0.0,927347.0,,0,under budget by 0.0pp
903,1787124024.7533836,friend,unknown,0.0,0.0,0.0,193832.0,0.0,927347.0,,0,under budget by 0.0pp
904,1787124926.6990178,friend,unknown,0.0,0.0,0.0,193832.0,0.0,927347.0,,0,under budget by 0.0pp
905,1787125828.0111482,friend,unknown,0.0,0.0,0.0,193832.0,0.0,927347.0,,0,under budget by 0.0pp
906,1787126729.113356,friend,unknown,0.0,0.0,0.0,193832.0,0.0,927347.0,,0,under budget by 0.0pp
907,1787127630.973089,friend,unknown,0.0,0.0,0.0,193832.0,0.0,927347.0,,0,under budget by 0.0pp
908,1787128533.6991765,friend,unknown,0.0,0.0,0.0,193832.0,0.0,981494.0,,0,under budget by 0.0pp
909,1787129435.1274328,friend,unknown,0.0,0.0,0.0,193832.0,0.0,981494.0,,0,under budget by 0.0pp
910,1787130336.6434917,friend,unknown,0.0,0.0,0.0,193832.0,0.0,981494.0,,0,under budget by 0.0pp
911,1787131238.1209354,friend,unknown,0.0,0.0,0.0,193832.0,0.0,981494.0,,0,under budget by 0.0pp
912,1787132139.5723011,friend,unknown,0.0,0.0,0.0,193832.0,0.0,984375.0,,0,under budget by 0.0pp
913,1787133040.8119445,friend,unknown,0.0,0.0,0.0,193832.0,0.0,984375.0,,0,under budget by 0.0pp
914,1787133942.2970731,friend,unknown,0.0,0.0,0.0,193832.0,0.0,984375.0,,0,under budget by 0.0pp
915,1787134845.272987,friend,unknown,0.0,0.0,0.0,279076.0,0.0,974279.0,,0,under budget by 0.0pp
916,1787135749.175177,friend,unknown,0.0,0.0,0.0,151046.0,0.0,43435.0,,0,under budget by 0.0pp
917,1787136651.8708305,friend,unknown,0.0,0.0,0.0,151046.0,0.0,43435.0,,0,under budget by 0.0pp
918,1787137553.1073442,friend,unknown,0.0,0.0,0.0,151046.0,0.0,43435.0,,0,under budget by 0.0pp
919,1787138454.4868937,friend,unknown,0.0,0.0,0.0,151046.0,0.0,43435.0,,0,under budget by 0.0pp
920,1787139355.7580338,friend,unknown,0.0,0.0,0.0,151046.0,0.0,46852.0,,0,under budget by 0.0pp
921,1787140257.2970881,friend,unknown,0.0,0.0,0.0,151046.0,0.0,46852.0,,0,under budget by 0.0pp
922,1787141158.6704135,friend,unknown,0.0,0.0,0.0,151046.0,0.0,46852.0,,0,under budget by 0.0pp
923,1787142060.162957,friend,unknown,0.0,0.0,0.0,151046.0,0.0,46852.0,,0,under budget by 0.0pp
924,1787142961.4562826,friend,unknown,0.0,0.0,0.0,172347.0,0.0,41265.0,,0,under budget by 0.0pp
925,1787143862.9469242,friend,unknown,0.0,0.0,0.0,0.0,0.0,0.0,,0,"Insufficient data (4 points, need 5)"
926,1787144764.803099,friend,unknown,0.0,0.0,0.0,0.0,0.0,0.0,,0,"Insufficient data (4 points, need 5)"
927,1787145665.8944488,friend,unknown,0.0,0.0,0.0,0.0,0.0,0.0,,0,"Insufficient data (4 points, need 5)"
928,1787146567.6346266,friend,unknown,0.0,0.0,0.0,0.0,0.0,0.0,,0,"Insufficient data (4 points, need 5)"
929,1787147469.7763262,friend,unknown,0.0,0.0,0.0,0.0,0.0,0.0,,0,"Insufficient data (3 points, need 5)"
930,1787148371.511161,friend,unknown,0.0,0.0,0.0,0.0,0.0,0.0,,0,"Insufficient data (3 points, need 5)"
931,1787149272.8686912,friend,unknown,0.0,0.0,0.0,0.0,0.0,0.0,,0,"Insufficient data (3 points, need 5)"
932,1787150174.7663364,friend,unknown,0.0,0.0,0.0,0.0,0.0,0.0,,0,"Insufficient data (2 points, need 5)"
933,1787151076.0476315,friend,unknown,0.0,0.0,0.0,0.0,0.0,0.0,,0,"Insufficient data (2 points, need 5)"
934,1787151977.5438952,friend,unknown,0.0,0.0,0.0,0.0,0.0,0.0,,0,"Insufficient data (2 points, need 5)"
935,1787152879.095743,friend,unknown,0.0,0.0,0.0,0.0,0.0,0.0,,0,"Insufficient data (2 points, need 5)"
936,1787153780.6521876,friend,unknown,0.0,0.0,0.0,0.0,0.0,0.0,,0,"Insufficient data (2 points, need 5)"
937,1787154682.0162568,friend,unknown,0.0,0.0,0.0,0.0,0.0,0.0,,0,"Insufficient data (2 points, need 5)"
938,1787155583.6269023,friend,unknown,0.0,0.0,0.0,0.0,0.0,0.0,,0,"Insufficient data (1 points, need 5)"
939,1787156484.9383206,friend,unknown,0.0,0.0,0.0,0.0,0.0,0.0,,0,"Insufficient data (1 points, need 5)"
